{"v":"5.7.4","fr":25,"ip":0,"op":211,"w":568,"h":568,"nm":"Avatar 22","ddd":0,"assets":[{"id":"comp_0","layers":[{"ddd":0,"ind":1,"ty":4,"nm":"front hair","sr":1,"ks":{"o":{"a":0,"k":100,"ix":11},"r":{"a":0,"k":0,"ix":10},"p":{"a":1,"k":[{"i":{"x":0.35,"y":1},"o":{"x":0.65,"y":0},"t":24,"s":[502.629,337.693,0],"to":[1.667,0,0],"ti":[1.5,0,0]},{"i":{"x":0.35,"y":1},"o":{"x":0.65,"y":0},"t":44,"s":[512.629,337.693,0],"to":[-1.5,0,0],"ti":[0,-1.667,0]},{"i":{"x":0.35,"y":1},"o":{"x":0.65,"y":0},"t":65,"s":[493.629,337.693,0],"to":[0,1.667,0],"ti":[-0.333,-0.667,0]},{"i":{"x":0.35,"y":1},"o":{"x":0.65,"y":0},"t":86,"s":[512.629,347.693,0],"to":[0.333,0.667,0],"ti":[0,1.667,0]},{"i":{"x":0.35,"y":1},"o":{"x":0.65,"y":0},"t":110,"s":[495.629,341.693,0],"to":[0,-1.667,0],"ti":[0.5,0.667,0]},{"i":{"x":0.35,"y":1},"o":{"x":0.65,"y":0},"t":134,"s":[512.629,337.693,0],"to":[-0.5,-0.667,0],"ti":[0,1.5,0]},{"i":{"x":0.35,"y":1},"o":{"x":0.65,"y":0},"t":154,"s":[492.629,337.693,0],"to":[0,-1.5,0],"ti":[-1.667,0,0]},{"i":{"x":0.35,"y":1},"o":{"x":0.65,"y":0},"t":176,"s":[512.629,328.693,0],"to":[1.667,0,0],"ti":[1.667,-1.5,0]},{"t":195,"s":[502.629,337.693,0]}],"ix":2,"l":2},"a":{"a":0,"k":[72.51,94.248,0],"ix":1,"l":2},"s":{"a":0,"k":[100,100,100],"ix":6,"l":2}},"ao":0,"shapes":[{"ty":"gr","it":[{"ind":0,"ty":"sh","ix":1,"ks":{"a":0,"k":{"i":[[-0.619,-6.457],[-1.244,-2.237],[-5.029,-1.93],[-3.29,-8.284],[-8.253,-11.985],[-2.511,-3.303],[2.478,-6.337],[1.941,-5.837],[-2.077,-4.162],[-1.072,-4.583],[3.571,-2.567],[0.849,9.254],[-0.265,5.7],[-3.317,6.878],[2.279,6.905],[0.745,4.641],[-1.585,6.802],[6.799,9.391],[2.622,3.437],[4.244,5.8],[7.792,1.614],[4.604,-5.445]],"o":[[0.244,2.548],[2.62,4.707],[8.32,3.195],[5.37,13.524],[2.353,3.416],[4.116,5.417],[-2.241,5.729],[-1.468,4.413],[2.101,4.211],[1.001,4.283],[9.189,-1.383],[-0.521,-5.683],[0.357,-7.628],[3.159,-6.549],[-1.471,-4.463],[-1.107,-6.896],[2.633,-11.292],[-2.535,-3.502],[-4.358,-5.715],[-4.7,-6.421],[-6.499,-1.347],[-4.658,5.509]],"v":[[-33.962,-63.34],[-32.146,-55.936],[-18.737,-47.583],[0.994,-30.697],[5.767,11.982],[14.122,21.183],[16.851,40.526],[7.85,56.576],[8.813,70.139],[15.762,82.347],[11.39,93.999],[26.999,74.094],[23.605,57.382],[33.466,36.979],[34.856,15.743],[30.056,2.519],[33.625,-17.955],[27.705,-51.16],[19.39,-61.106],[8.009,-79.4],[-11.199,-92.651],[-32.477,-86.895]],"c":true},"ix":2},"nm":"Path 1","mn":"ADBE Vector Shape - Group","hd":false},{"ty":"fl","c":{"a":0,"k":[0.176000004189,0.112000005385,0.135000011968,1],"ix":4},"o":{"a":0,"k":100,"ix":5},"r":1,"bm":0,"nm":"Fill 1","mn":"ADBE Vector Graphic - Fill","hd":false},{"ty":"tr","p":{"a":0,"k":[107.635,94.249],"ix":2},"a":{"a":0,"k":[0,0],"ix":1},"s":{"a":0,"k":[100,100],"ix":3},"r":{"a":0,"k":0,"ix":6},"o":{"a":0,"k":100,"ix":7},"sk":{"a":0,"k":0,"ix":4},"sa":{"a":0,"k":0,"ix":5},"nm":"Transform"}],"nm":"Group 1","np":2,"cix":2,"bm":0,"ix":1,"mn":"ADBE Vector Group","hd":false},{"ty":"gr","it":[{"ind":0,"ty":"sh","ix":1,"ks":{"a":0,"k":{"i":[[0.65,-6.457],[1.307,-2.237],[5.284,-1.93],[3.457,-8.284],[8.672,-11.985],[2.637,-3.303],[-2.604,-6.337],[-2.04,-5.837],[2.182,-4.162],[1.125,-4.583],[-3.752,-2.567],[-0.891,9.254],[0.279,5.7],[3.485,6.878],[-2.393,6.905],[-0.782,4.641],[1.666,6.802],[-7.144,9.391],[-2.754,3.437],[-4.46,5.8],[-8.186,1.614],[-4.836,-5.445]],"o":[[-0.257,2.548],[-2.751,4.707],[-8.742,3.195],[-5.643,13.524],[-2.472,3.416],[-4.326,5.417],[2.354,5.729],[1.542,4.413],[-2.208,4.211],[-1.052,4.283],[-9.656,-1.383],[0.547,-5.683],[-0.374,-7.628],[-3.32,-6.549],[1.548,-4.463],[1.163,-6.896],[-2.765,-11.292],[2.663,-3.502],[4.579,-5.715],[4.937,-6.421],[6.829,-1.347],[4.895,5.509]],"v":[[35.684,-63.34],[33.774,-55.936],[19.688,-47.583],[-1.045,-30.697],[-6.059,11.982],[-14.838,21.183],[-17.705,40.526],[-8.247,56.576],[-9.26,70.139],[-16.561,82.347],[-11.967,93.999],[-28.368,74.094],[-24.803,57.382],[-35.162,36.979],[-36.624,15.743],[-31.579,2.519],[-35.33,-17.955],[-29.109,-51.16],[-20.373,-61.106],[-8.415,-79.4],[11.766,-92.651],[34.123,-86.895]],"c":true},"ix":2},"nm":"Path 1","mn":"ADBE Vector Shape - Group","hd":false},{"ty":"fl","c":{"a":0,"k":[0.176000004189,0.112000005385,0.135000011968,1],"ix":4},"o":{"a":0,"k":100,"ix":5},"r":1,"bm":0,"nm":"Fill 1","mn":"ADBE Vector Graphic - Fill","hd":false},{"ty":"tr","p":{"a":0,"k":[39.267,94.249],"ix":2},"a":{"a":0,"k":[0,0],"ix":1},"s":{"a":0,"k":[100,100],"ix":3},"r":{"a":0,"k":0,"ix":6},"o":{"a":0,"k":100,"ix":7},"sk":{"a":0,"k":0,"ix":4},"sa":{"a":0,"k":0,"ix":5},"nm":"Transform"}],"nm":"Group 2","np":2,"cix":2,"bm":0,"ix":2,"mn":"ADBE Vector Group","hd":false}],"ip":0,"op":1592,"st":0,"bm":0},{"ddd":0,"ind":2,"ty":4,"nm":"Body 2","sr":1,"ks":{"o":{"a":0,"k":100,"ix":11},"r":{"a":1,"k":[{"i":{"x":[0.35],"y":[1]},"o":{"x":[0.65],"y":[0]},"t":44,"s":[0]},{"i":{"x":[0.35],"y":[1]},"o":{"x":[0.65],"y":[0]},"t":64,"s":[-20]},{"i":{"x":[0.35],"y":[1]},"o":{"x":[0.65],"y":[0]},"t":94,"s":[-20]},{"i":{"x":[0.35],"y":[1]},"o":{"x":[0.65],"y":[0]},"t":118,"s":[12]},{"i":{"x":[0.722],"y":[0.894]},"o":{"x":[0.437],"y":[0]},"t":137,"s":[12]},{"i":{"x":[0.722],"y":[3.676]},"o":{"x":[0.298],"y":[-2.868]},"t":158,"s":[-17.382]},{"i":{"x":[0.588],"y":[1]},"o":{"x":[0.298],"y":[-0.174]},"t":176,"s":[-17.382]},{"t":195,"s":[0]}],"ix":10},"p":{"a":0,"k":[401.029,662.723,0],"ix":2,"l":2},"a":{"a":0,"k":[60.643,286.328,0],"ix":1,"l":2},"s":{"a":0,"k":[100,100,100],"ix":6,"l":2}},"ao":0,"shapes":[{"ty":"gr","it":[{"ind":0,"ty":"sh","ix":1,"ks":{"a":0,"k":{"i":[[0,0],[1.981,-7.444]],"o":[[-5.655,5.23],[0,0]],"v":[[5.884,-9.766],[-5.884,9.766]],"c":false},"ix":2},"nm":"Path 1","mn":"ADBE Vector Shape - Group","hd":false},{"ty":"st","c":{"a":0,"k":[0.176000004189,0.112000005385,0.135000011968,1],"ix":3},"o":{"a":0,"k":100,"ix":4},"w":{"a":0,"k":0.632,"ix":5},"lc":2,"lj":2,"bm":0,"nm":"Stroke 1","mn":"ADBE Vector Graphic - Stroke","hd":false},{"ty":"tr","p":{"a":0,"k":[33.128,87.116],"ix":2},"a":{"a":0,"k":[0,0],"ix":1},"s":{"a":0,"k":[100,100],"ix":3},"r":{"a":0,"k":0,"ix":6},"o":{"a":0,"k":100,"ix":7},"sk":{"a":0,"k":0,"ix":4},"sa":{"a":0,"k":0,"ix":5},"nm":"Transform"}],"nm":"Group 1","np":2,"cix":2,"bm":0,"ix":1,"mn":"ADBE Vector Group","hd":false},{"ty":"gr","it":[{"ind":0,"ty":"sh","ix":1,"ks":{"a":0,"k":{"i":[[0,0],[3.441,-5.375],[-18.706,-13.116]],"o":[[0,0],[-3.44,5.376],[0,0]],"v":[[13.868,-2.635],[-10.429,-11.557],[7.202,16.932]],"c":false},"ix":2},"nm":"Path 1","mn":"ADBE Vector Shape - Group","hd":false},{"ty":"st","c":{"a":0,"k":[0.176000004189,0.112000005385,0.135000011968,1],"ix":3},"o":{"a":0,"k":100,"ix":4},"w":{"a":0,"k":0.632,"ix":5},"lc":2,"lj":2,"bm":0,"nm":"Stroke 1","mn":"ADBE Vector Graphic - Stroke","hd":false},{"ty":"tr","p":{"a":0,"k":[38.221,65.33],"ix":2},"a":{"a":0,"k":[0,0],"ix":1},"s":{"a":0,"k":[100,100],"ix":3},"r":{"a":0,"k":0,"ix":6},"o":{"a":0,"k":100,"ix":7},"sk":{"a":0,"k":0,"ix":4},"sa":{"a":0,"k":0,"ix":5},"nm":"Transform"}],"nm":"Group 2","np":2,"cix":2,"bm":0,"ix":2,"mn":"ADBE Vector Group","hd":false},{"ty":"gr","it":[{"ind":0,"ty":"sh","ix":1,"ks":{"a":0,"k":{"i":[[0,0],[-6.45,8.386],[0,0],[0,0]],"o":[[0,0],[6.451,-8.385],[0,0],[0,0]],"v":[[8.063,19.835],[-10.321,-11.45],[15.804,-0.807],[16.771,15.965]],"c":true},"ix":2},"nm":"Path 1","mn":"ADBE Vector Shape - Group","hd":false},{"ty":"fl","c":{"a":0,"k":[1,0.669000004787,0.665000047871,1],"ix":4},"o":{"a":0,"k":100,"ix":5},"r":1,"bm":0,"nm":"Fill 1","mn":"ADBE Vector Graphic - Fill","hd":false},{"ty":"tr","p":{"a":0,"k":[37.898,65.653],"ix":2},"a":{"a":0,"k":[0,0],"ix":1},"s":{"a":0,"k":[100,100],"ix":3},"r":{"a":0,"k":0,"ix":6},"o":{"a":0,"k":100,"ix":7},"sk":{"a":0,"k":0,"ix":4},"sa":{"a":0,"k":0,"ix":5},"nm":"Transform"}],"nm":"Group 3","np":2,"cix":2,"bm":0,"ix":3,"mn":"ADBE Vector Group","hd":false},{"ty":"gr","it":[{"ind":0,"ty":"sh","ix":1,"ks":{"a":0,"k":{"i":[[0,0],[0,0]],"o":[[0,0],[0,0]],"v":[[-10.428,-13.546],[10.428,13.546]],"c":false},"ix":2},"nm":"Path 1","mn":"ADBE Vector Shape - Group","hd":false},{"ty":"st","c":{"a":0,"k":[0.176000004189,0.112000005385,0.135000011968,1],"ix":3},"o":{"a":0,"k":100,"ix":4},"w":{"a":0,"k":0.632,"ix":5},"lc":2,"lj":2,"bm":0,"nm":"Stroke 1","mn":"ADBE Vector Graphic - Stroke","hd":false},{"ty":"tr","p":{"a":0,"k":[22.955,64.846],"ix":2},"a":{"a":0,"k":[0,0],"ix":1},"s":{"a":0,"k":[100,100],"ix":3},"r":{"a":0,"k":0,"ix":6},"o":{"a":0,"k":100,"ix":7},"sk":{"a":0,"k":0,"ix":4},"sa":{"a":0,"k":0,"ix":5},"nm":"Transform"}],"nm":"Group 4","np":2,"cix":2,"bm":0,"ix":4,"mn":"ADBE Vector Group","hd":false},{"ty":"gr","it":[{"ind":0,"ty":"sh","ix":1,"ks":{"a":0,"k":{"i":[[0,0],[-3.441,0.214],[3.655,5.59],[0,0]],"o":[[0,0],[3.439,-0.215],[-3.656,-5.59],[0,0]],"v":[[-16.556,0.908],[0.861,18.326],[12.901,0.048],[1.736,-18.54]],"c":false},"ix":2},"nm":"Path 1","mn":"ADBE Vector Shape - Group","hd":false},{"ty":"st","c":{"a":0,"k":[0.176000004189,0.112000005385,0.135000011968,1],"ix":3},"o":{"a":0,"k":100,"ix":4},"w":{"a":0,"k":0.632,"ix":5},"lc":2,"lj":2,"bm":0,"nm":"Stroke 1","mn":"ADBE Vector Graphic - Stroke","hd":false},{"ty":"tr","p":{"a":0,"k":[24.782,66.518],"ix":2},"a":{"a":0,"k":[0,0],"ix":1},"s":{"a":0,"k":[100,100],"ix":3},"r":{"a":0,"k":0,"ix":6},"o":{"a":0,"k":100,"ix":7},"sk":{"a":0,"k":0,"ix":4},"sa":{"a":0,"k":0,"ix":5},"nm":"Transform"}],"nm":"Group 5","np":2,"cix":2,"bm":0,"ix":5,"mn":"ADBE Vector Group","hd":false},{"ty":"gr","it":[{"ind":0,"ty":"sh","ix":1,"ks":{"a":0,"k":{"i":[[0,0],[1.899,2.62],[0.74,8.706],[-4.349,7.18],[-2.801,1.302],[0,0],[-0.692,3.534],[-4.339,-0.123],[-0.61,-6.334],[0,0],[-3.567,0.491],[0.36,-5.714],[0,0],[0.01,-7.303],[1.273,-3.122],[0,0]],"o":[[0,0],[-1.899,-2.62],[-0.739,-8.706],[4.349,-7.18],[2.8,-1.302],[0,0],[0.693,-3.533],[4.339,0.124],[0.609,6.333],[0,0],[3.568,-0.491],[-0.36,5.714],[0,0],[-0.01,7.303],[-1.273,3.122],[0,0]],"v":[[-5.984,59.482],[-7.444,55.296],[-26.287,23.77],[-25.676,2.271],[-12.176,-14.32],[-3.971,-11.324],[-5.189,-51.824],[0.552,-59.359],[6.477,-45.57],[9.695,-6],[22.71,-54.19],[29.665,-48.859],[20.786,-0.357],[24.755,12.784],[23.272,44.128],[17.949,57.793]],"c":true},"ix":2},"nm":"Path 1","mn":"ADBE Vector Shape - Group","hd":false},{"ty":"fl","c":{"a":0,"k":[1,0.669000004787,0.665000047871,1],"ix":4},"o":{"a":0,"k":100,"ix":5},"r":1,"bm":0,"nm":"Fill 1","mn":"ADBE Vector Graphic - Fill","hd":false},{"ty":"tr","p":{"a":0,"k":[30.275,59.733],"ix":2},"a":{"a":0,"k":[0,0],"ix":1},"s":{"a":0,"k":[100,100],"ix":3},"r":{"a":0,"k":0,"ix":6},"o":{"a":0,"k":100,"ix":7},"sk":{"a":0,"k":0,"ix":4},"sa":{"a":0,"k":0,"ix":5},"nm":"Transform"}],"nm":"Group 6","np":2,"cix":2,"bm":0,"ix":6,"mn":"ADBE Vector Group","hd":false},{"ty":"gr","it":[{"ind":0,"ty":"sh","ix":1,"ks":{"a":0,"k":{"i":[[0,0],[0.029,-21.866],[-24.915,1.534],[4.259,37.688],[0,0]],"o":[[0,0],[-0.03,21.867],[24.915,-1.535],[-4.258,-37.688],[0,0]],"v":[[-32.077,-101.892],[-39.559,50.219],[3.978,101.92],[35.329,40.573],[-8.148,-103.454]],"c":true},"ix":2},"nm":"Path 1","mn":"ADBE Vector Shape - Group","hd":false},{"ty":"fl","c":{"a":0,"k":[1,0.669000004787,0.665000047871,1],"ix":4},"o":{"a":0,"k":100,"ix":5},"r":1,"bm":0,"nm":"Fill 1","mn":"ADBE Vector Graphic - Fill","hd":false},{"ty":"tr","p":{"a":0,"k":[56.587,220.551],"ix":2},"a":{"a":0,"k":[0,0],"ix":1},"s":{"a":0,"k":[100,100],"ix":3},"r":{"a":0,"k":0,"ix":6},"o":{"a":0,"k":100,"ix":7},"sk":{"a":0,"k":0,"ix":4},"sa":{"a":0,"k":0,"ix":5},"nm":"Transform"}],"nm":"Group 7","np":2,"cix":2,"bm":0,"ix":7,"mn":"ADBE Vector Group","hd":false}],"ip":0,"op":1592,"st":0,"bm":0},{"ddd":0,"ind":3,"ty":4,"nm":"Face","sr":1,"ks":{"o":{"a":0,"k":100,"ix":11},"r":{"a":0,"k":0,"ix":10},"p":{"a":0,"k":[503.719,347.154,0],"ix":2,"l":2},"a":{"a":0,"k":[63.28,83.441,0],"ix":1,"l":2},"s":{"a":0,"k":[100,100,100],"ix":6,"l":2}},"ao":0,"shapes":[{"ty":"gr","it":[{"ind":0,"ty":"sh","ix":1,"ks":{"a":0,"k":{"i":[[5.219,-21.649],[0.216,-0.776],[17.639,-9.531],[15.612,14.102],[3.752,17.38],[-0.474,8.582],[-28.507,10.566],[-7.848,-0.173],[-7.59,-5.176],[-4.442,-12.205]],"o":[[-0.172,0.776],[-5.218,19.277],[-18.759,10.134],[-12.679,-11.472],[-1.983,-8.841],[1.596,-29.153],[7.072,-2.631],[9.317,0.215],[10.782,7.331],[7.633,20.96]],"v":[[57.811,23.332],[57.206,25.704],[21.54,73.057],[-35.516,64.82],[-60.314,19.235],[-62.555,-7.245],[-17.23,-79.18],[5.583,-83.018],[31.718,-75.212],[54.619,-44.506]],"c":true},"ix":2},"nm":"Path 1","mn":"ADBE Vector Shape - Group","hd":false},{"ty":"fl","c":{"a":0,"k":[1,0.669000004787,0.665000047871,1],"ix":4},"o":{"a":0,"k":100,"ix":5},"r":1,"bm":0,"nm":"Fill 1","mn":"ADBE Vector Graphic - Fill","hd":false},{"ty":"tr","p":{"a":0,"k":[63.279,83.441],"ix":2},"a":{"a":0,"k":[0,0],"ix":1},"s":{"a":0,"k":[100,100],"ix":3},"r":{"a":0,"k":0,"ix":6},"o":{"a":0,"k":100,"ix":7},"sk":{"a":0,"k":0,"ix":4},"sa":{"a":0,"k":0,"ix":5},"nm":"Transform"}],"nm":"Group 1","np":2,"cix":2,"bm":0,"ix":1,"mn":"ADBE Vector Group","hd":false}],"ip":0,"op":1592,"st":0,"bm":0},{"ddd":0,"ind":4,"ty":4,"nm":"Shape Layer 1","td":1,"sr":1,"ks":{"o":{"a":0,"k":100,"ix":11},"r":{"a":0,"k":0,"ix":10},"p":{"a":0,"k":[500,500,0],"ix":2,"l":2},"a":{"a":0,"k":[0,0,0],"ix":1,"l":2},"s":{"a":0,"k":[100,100,100],"ix":6,"l":2}},"ao":0,"shapes":[{"ty":"gr","it":[{"ind":0,"ty":"sh","ix":1,"ks":{"a":0,"k":{"i":[[0,0],[3.5,-16],[0,0],[0,0]],"o":[[0,0],[-3.5,16],[0,0],[0,0]],"v":[[24,-96],[-20,-93],[-28.5,-58],[31,-55]],"c":true},"ix":2},"nm":"Path 1","mn":"ADBE Vector Shape - Group","hd":false},{"ty":"st","c":{"a":0,"k":[0,0,0,1],"ix":3},"o":{"a":0,"k":100,"ix":4},"w":{"a":0,"k":0,"ix":5},"lc":1,"lj":1,"ml":4,"bm":0,"nm":"Stroke 1","mn":"ADBE Vector Graphic - Stroke","hd":false},{"ty":"fl","c":{"a":0,"k":[0.603921987496,0.788234994926,0.925490016563,1],"ix":4},"o":{"a":0,"k":100,"ix":5},"r":1,"bm":0,"nm":"Fill 1","mn":"ADBE Vector Graphic - Fill","hd":false},{"ty":"tr","p":{"a":0,"k":[0,0],"ix":2},"a":{"a":0,"k":[0,0],"ix":1},"s":{"a":0,"k":[100,100],"ix":3},"r":{"a":0,"k":0,"ix":6},"o":{"a":0,"k":100,"ix":7},"sk":{"a":0,"k":0,"ix":4},"sa":{"a":0,"k":0,"ix":5},"nm":"Transform"}],"nm":"Shape 1","np":3,"cix":2,"bm":0,"ix":1,"mn":"ADBE Vector Group","hd":false}],"ip":0,"op":1592,"st":0,"bm":0},{"ddd":0,"ind":5,"ty":4,"nm":"Neck S","tt":1,"sr":1,"ks":{"o":{"a":0,"k":100,"ix":11},"r":{"a":0,"k":0,"ix":10},"p":{"a":1,"k":[{"i":{"x":0.35,"y":1},"o":{"x":0.65,"y":0},"t":24,"s":[500.258,424.968,0],"to":[1.5,0,0],"ti":[1.167,0,0]},{"i":{"x":0.35,"y":1},"o":{"x":0.65,"y":0},"t":44,"s":[509.258,424.968,0],"to":[-1.167,0,0],"ti":[-0.833,-1,0]},{"i":{"x":0.35,"y":1},"o":{"x":0.65,"y":0},"t":65,"s":[493.258,424.968,0],"to":[0.833,1,0],"ti":[0.167,0.5,0]},{"i":{"x":0.35,"y":1},"o":{"x":0.65,"y":0},"t":86,"s":[514.258,430.968,0],"to":[-0.167,-0.5,0],"ti":[0.833,1,0]},{"i":{"x":0.35,"y":1},"o":{"x":0.65,"y":0},"t":110,"s":[492.258,421.968,0],"to":[-0.833,-1,0],"ti":[0,-0.5,0]},{"i":{"x":0.35,"y":1},"o":{"x":0.65,"y":0},"t":134,"s":[509.258,424.968,0],"to":[0,0.5,0],"ti":[-0.167,2.333,0]},{"i":{"x":0.35,"y":1},"o":{"x":0.65,"y":0},"t":154,"s":[492.258,424.968,0],"to":[0.167,-2.333,0],"ti":[-1.333,0,0]},{"i":{"x":0.35,"y":1},"o":{"x":0.65,"y":0},"t":176,"s":[510.258,410.968,0],"to":[1.333,0,0],"ti":[1.667,-2.333,0]},{"t":195,"s":[500.258,424.968,0]}],"ix":2,"l":2},"a":{"a":0,"k":[27.708,17.635,0],"ix":1,"l":2},"s":{"a":0,"k":[100,100,100],"ix":6,"l":2}},"ao":0,"shapes":[{"ty":"gr","it":[{"ind":0,"ty":"sh","ix":1,"ks":{"a":0,"k":{"i":[[-0.961,-5.023],[4.833,-4.738],[2.482,-1.165],[6.407,6.551],[2.109,5.541],[0.187,0.518],[-2.536,1.424],[-2.883,-0.181],[-0.374,0.026],[-0.294,0.026],[0,0]],"o":[[-2.056,6.369],[-1.948,1.916],[-8.41,3.935],[-4.245,-4.35],[-0.187,-0.517],[-1.014,-2.848],[1.522,-0.854],[0.588,0.052],[0.16,0],[0,0],[0,0]],"v":[[27.459,-8.35],[16.967,8.634],[10.372,13.451],[-14.99,7.263],[-24.094,-8.013],[-24.656,-9.541],[-24.923,-16.531],[-15.658,-16.505],[-14.189,-16.453],[-13.549,-16.505],[25.856,-16.505]],"c":true},"ix":2},"nm":"Path 1","mn":"ADBE Vector Shape - Group","hd":false},{"ty":"fl","c":{"a":0,"k":[1,0.477999997606,0.54900004069,1],"ix":4},"o":{"a":0,"k":100,"ix":5},"r":1,"bm":0,"nm":"Fill 1","mn":"ADBE Vector Graphic - Fill","hd":false},{"ty":"tr","p":{"a":0,"k":[27.708,17.636],"ix":2},"a":{"a":0,"k":[0,0],"ix":1},"s":{"a":0,"k":[100,100],"ix":3},"r":{"a":0,"k":0,"ix":6},"o":{"a":0,"k":100,"ix":7},"sk":{"a":0,"k":0,"ix":4},"sa":{"a":0,"k":0,"ix":5},"nm":"Transform"}],"nm":"Group 1","np":2,"cix":2,"bm":0,"ix":1,"mn":"ADBE Vector Group","hd":false}],"ip":0,"op":1592,"st":0,"bm":0},{"ddd":0,"ind":6,"ty":4,"nm":"Body","sr":1,"ks":{"o":{"a":0,"k":100,"ix":11},"r":{"a":0,"k":0,"ix":10},"p":{"a":0,"k":[495.029,564.723,0],"ix":2,"l":2},"a":{"a":0,"k":[154.643,188.328,0],"ix":1,"l":2},"s":{"a":0,"k":[100,100,100],"ix":6,"l":2}},"ao":0,"shapes":[{"ty":"gr","it":[{"ind":0,"ty":"sh","ix":1,"ks":{"a":0,"k":{"i":[[0,0],[-0.753,-4.407]],"o":[[0,0],[0.753,4.408]],"v":[[-13.492,12.847],[12.74,-8.44]],"c":true},"ix":2},"nm":"Path 1","mn":"ADBE Vector Shape - Group","hd":false},{"ty":"st","c":{"a":0,"k":[0.176000004189,0.112000005385,0.135000011968,1],"ix":3},"o":{"a":0,"k":100,"ix":4},"w":{"a":0,"k":0.632,"ix":5},"lc":2,"lj":2,"bm":0,"nm":"Stroke 1","mn":"ADBE Vector Graphic - Stroke","hd":false},{"ty":"tr","p":{"a":0,"k":[201.795,246.052],"ix":2},"a":{"a":0,"k":[0,0],"ix":1},"s":{"a":0,"k":[100,100],"ix":3},"r":{"a":0,"k":0,"ix":6},"o":{"a":0,"k":100,"ix":7},"sk":{"a":0,"k":0,"ix":4},"sa":{"a":0,"k":0,"ix":5},"nm":"Transform"}],"nm":"Group 8","np":2,"cix":2,"bm":0,"ix":1,"mn":"ADBE Vector Group","hd":false},{"ty":"gr","it":[{"ind":0,"ty":"sh","ix":1,"ks":{"a":0,"k":{"i":[[0,0],[-4.301,3.762]],"o":[[0,0],[4.299,-3.764]],"v":[[3.44,18.76],[0.001,-14.996]],"c":true},"ix":2},"nm":"Path 1","mn":"ADBE Vector Shape - Group","hd":false},{"ty":"st","c":{"a":0,"k":[0.176000004189,0.112000005385,0.135000011968,1],"ix":3},"o":{"a":0,"k":100,"ix":4},"w":{"a":0,"k":0.632,"ix":5},"lc":2,"lj":2,"bm":0,"nm":"Stroke 1","mn":"ADBE Vector Graphic - Stroke","hd":false},{"ty":"tr","p":{"a":0,"k":[188.41,231],"ix":2},"a":{"a":0,"k":[0,0],"ix":1},"s":{"a":0,"k":[100,100],"ix":3},"r":{"a":0,"k":0,"ix":6},"o":{"a":0,"k":100,"ix":7},"sk":{"a":0,"k":0,"ix":4},"sa":{"a":0,"k":0,"ix":5},"nm":"Transform"}],"nm":"Group 9","np":2,"cix":2,"bm":0,"ix":2,"mn":"ADBE Vector Group","hd":false},{"ty":"gr","it":[{"ind":0,"ty":"sh","ix":1,"ks":{"a":0,"k":{"i":[[0,0],[-5.16,-0.967]],"o":[[0,0],[5.161,0.967]],"v":[[-8.466,11.852],[3.305,-10.885]],"c":true},"ix":2},"nm":"Path 1","mn":"ADBE Vector Shape - Group","hd":false},{"ty":"st","c":{"a":0,"k":[0.176000004189,0.112000005385,0.135000011968,1],"ix":3},"o":{"a":0,"k":100,"ix":4},"w":{"a":0,"k":0.632,"ix":5},"lc":2,"lj":2,"bm":0,"nm":"Stroke 1","mn":"ADBE Vector Graphic - Stroke","hd":false},{"ty":"tr","p":{"a":0,"k":[217.25,205.065],"ix":2},"a":{"a":0,"k":[0,0],"ix":1},"s":{"a":0,"k":[100,100],"ix":3},"r":{"a":0,"k":0,"ix":6},"o":{"a":0,"k":100,"ix":7},"sk":{"a":0,"k":0,"ix":4},"sa":{"a":0,"k":0,"ix":5},"nm":"Transform"}],"nm":"Group 10","np":2,"cix":2,"bm":0,"ix":3,"mn":"ADBE Vector Group","hd":false},{"ty":"gr","it":[{"ind":0,"ty":"sh","ix":1,"ks":{"a":0,"k":{"i":[[0,0],[-3.386,5.483]],"o":[[0,0],[0,0]],"v":[[-6.047,8.385],[6.047,-8.385]],"c":false},"ix":2},"nm":"Path 1","mn":"ADBE Vector Shape - Group","hd":false},{"ty":"st","c":{"a":0,"k":[0.176000004189,0.112000005385,0.135000011968,1],"ix":3},"o":{"a":0,"k":100,"ix":4},"w":{"a":0,"k":0.632,"ix":5},"lc":2,"lj":2,"bm":0,"nm":"Stroke 1","mn":"ADBE Vector Graphic - Stroke","hd":false},{"ty":"tr","p":{"a":0,"k":[204.026,223.206],"ix":2},"a":{"a":0,"k":[0,0],"ix":1},"s":{"a":0,"k":[100,100],"ix":3},"r":{"a":0,"k":0,"ix":6},"o":{"a":0,"k":100,"ix":7},"sk":{"a":0,"k":0,"ix":4},"sa":{"a":0,"k":0,"ix":5},"nm":"Transform"}],"nm":"Group 11","np":2,"cix":2,"bm":0,"ix":4,"mn":"ADBE Vector Group","hd":false},{"ty":"gr","it":[{"ind":0,"ty":"sh","ix":1,"ks":{"a":0,"k":{"i":[[0,0],[-4.999,-1.129]],"o":[[0,0],[4.999,1.129]],"v":[[-0.968,14.997],[0,-13.868]],"c":true},"ix":2},"nm":"Path 1","mn":"ADBE Vector Shape - Group","hd":false},{"ty":"st","c":{"a":0,"k":[0.176000004189,0.112000005385,0.135000011968,1],"ix":3},"o":{"a":0,"k":100,"ix":4},"w":{"a":0,"k":0.632,"ix":5},"lc":2,"lj":2,"bm":0,"nm":"Stroke 1","mn":"ADBE Vector Graphic - Stroke","hd":false},{"ty":"tr","p":{"a":0,"k":[204.43,193.212],"ix":2},"a":{"a":0,"k":[0,0],"ix":1},"s":{"a":0,"k":[100,100],"ix":3},"r":{"a":0,"k":0,"ix":6},"o":{"a":0,"k":100,"ix":7},"sk":{"a":0,"k":0,"ix":4},"sa":{"a":0,"k":0,"ix":5},"nm":"Transform"}],"nm":"Group 12","np":2,"cix":2,"bm":0,"ix":5,"mn":"ADBE Vector Group","hd":false},{"ty":"gr","it":[{"ind":0,"ty":"sh","ix":1,"ks":{"a":0,"k":{"i":[[0,0],[-3.064,26.931]],"o":[[0,0],[0,0]],"v":[[-11.127,34.591],[11.127,-34.591]],"c":false},"ix":2},"nm":"Path 1","mn":"ADBE Vector Shape - Group","hd":false},{"ty":"st","c":{"a":0,"k":[0.176000004189,0.112000005385,0.135000011968,1],"ix":3},"o":{"a":0,"k":100,"ix":4},"w":{"a":0,"k":0.632,"ix":5},"lc":2,"lj":2,"bm":0,"nm":"Stroke 1","mn":"ADBE Vector Graphic - Stroke","hd":false},{"ty":"tr","p":{"a":0,"k":[192.818,240.22],"ix":2},"a":{"a":0,"k":[0,0],"ix":1},"s":{"a":0,"k":[100,100],"ix":3},"r":{"a":0,"k":0,"ix":6},"o":{"a":0,"k":100,"ix":7},"sk":{"a":0,"k":0,"ix":4},"sa":{"a":0,"k":0,"ix":5},"nm":"Transform"}],"nm":"Group 13","np":2,"cix":2,"bm":0,"ix":6,"mn":"ADBE Vector Group","hd":false},{"ty":"gr","it":[{"ind":0,"ty":"sh","ix":1,"ks":{"a":0,"k":{"i":[[0,0],[-5.834,4.22]],"o":[[0,0],[5.835,-4.222]],"v":[[10.139,13.226],[-4.305,-9.005]],"c":true},"ix":2},"nm":"Path 1","mn":"ADBE Vector Shape - Group","hd":false},{"ty":"st","c":{"a":0,"k":[0.176000004189,0.112000005385,0.135000011968,1],"ix":3},"o":{"a":0,"k":100,"ix":4},"w":{"a":0,"k":0.525,"ix":5},"lc":2,"lj":2,"bm":0,"nm":"Stroke 1","mn":"ADBE Vector Graphic - Stroke","hd":false},{"ty":"tr","p":{"a":0,"k":[135.672,225.581],"ix":2},"a":{"a":0,"k":[0,0],"ix":1},"s":{"a":0,"k":[100,100],"ix":3},"r":{"a":0,"k":0,"ix":6},"o":{"a":0,"k":100,"ix":7},"sk":{"a":0,"k":0,"ix":4},"sa":{"a":0,"k":0,"ix":5},"nm":"Transform"}],"nm":"Group 14","np":2,"cix":2,"bm":0,"ix":7,"mn":"ADBE Vector Group","hd":false},{"ty":"gr","it":[{"ind":0,"ty":"sh","ix":1,"ks":{"a":0,"k":{"i":[[0,0],[4.424,7.985]],"o":[[0,0],[0,0]],"v":[[7.536,9.498],[-7.536,-9.498]],"c":false},"ix":2},"nm":"Path 1","mn":"ADBE Vector Shape - Group","hd":false},{"ty":"st","c":{"a":0,"k":[0.176000004189,0.112000005385,0.135000011968,1],"ix":3},"o":{"a":0,"k":100,"ix":4},"w":{"a":0,"k":0.525,"ix":5},"lc":2,"lj":2,"bm":0,"nm":"Stroke 1","mn":"ADBE Vector Graphic - Stroke","hd":false},{"ty":"tr","p":{"a":0,"k":[149.643,242.413],"ix":2},"a":{"a":0,"k":[0,0],"ix":1},"s":{"a":0,"k":[100,100],"ix":3},"r":{"a":0,"k":0,"ix":6},"o":{"a":0,"k":100,"ix":7},"sk":{"a":0,"k":0,"ix":4},"sa":{"a":0,"k":0,"ix":5},"nm":"Transform"}],"nm":"Group 15","np":2,"cix":2,"bm":0,"ix":8,"mn":"ADBE Vector Group","hd":false},{"ty":"gr","it":[{"ind":0,"ty":"sh","ix":1,"ks":{"a":0,"k":{"i":[[0,0],[-7.525,-4.3]],"o":[[0,0],[7.527,4.301]],"v":[[-12.364,15.588],[4.837,-11.288]],"c":true},"ix":2},"nm":"Path 1","mn":"ADBE Vector Shape - Group","hd":false},{"ty":"st","c":{"a":0,"k":[0.176000004189,0.112000005385,0.135000011968,1],"ix":3},"o":{"a":0,"k":100,"ix":4},"w":{"a":0,"k":0.632,"ix":5},"lc":2,"lj":2,"bm":0,"nm":"Stroke 1","mn":"ADBE Vector Graphic - Stroke","hd":false},{"ty":"tr","p":{"a":0,"k":[178.735,212.67],"ix":2},"a":{"a":0,"k":[0,0],"ix":1},"s":{"a":0,"k":[100,100],"ix":3},"r":{"a":0,"k":0,"ix":6},"o":{"a":0,"k":100,"ix":7},"sk":{"a":0,"k":0,"ix":4},"sa":{"a":0,"k":0,"ix":5},"nm":"Transform"}],"nm":"Group 16","np":2,"cix":2,"bm":0,"ix":9,"mn":"ADBE Vector Group","hd":false},{"ty":"gr","it":[{"ind":0,"ty":"sh","ix":1,"ks":{"a":0,"k":{"i":[[0,0],[-6.557,8.815]],"o":[[0,0],[0,0]],"v":[[-6.826,13.492],[6.826,-13.492]],"c":false},"ix":2},"nm":"Path 1","mn":"ADBE Vector Shape - Group","hd":false},{"ty":"st","c":{"a":0,"k":[0.176000004189,0.112000005385,0.135000011968,1],"ix":3},"o":{"a":0,"k":100,"ix":4},"w":{"a":0,"k":0.632,"ix":5},"lc":2,"lj":2,"bm":0,"nm":"Stroke 1","mn":"ADBE Vector Graphic - Stroke","hd":false},{"ty":"tr","p":{"a":0,"k":[164.167,234.764],"ix":2},"a":{"a":0,"k":[0,0],"ix":1},"s":{"a":0,"k":[100,100],"ix":3},"r":{"a":0,"k":0,"ix":6},"o":{"a":0,"k":100,"ix":7},"sk":{"a":0,"k":0,"ix":4},"sa":{"a":0,"k":0,"ix":5},"nm":"Transform"}],"nm":"Group 17","np":2,"cix":2,"bm":0,"ix":10,"mn":"ADBE Vector Group","hd":false},{"ty":"gr","it":[{"ind":0,"ty":"sh","ix":1,"ks":{"a":0,"k":{"i":[[0,0],[-10.106,3.655]],"o":[[0,0],[10.106,-3.656]],"v":[[6.235,19.029],[0,-15.373]],"c":true},"ix":2},"nm":"Path 1","mn":"ADBE Vector Shape - Group","hd":false},{"ty":"st","c":{"a":0,"k":[0.176000004189,0.112000005385,0.135000011968,1],"ix":3},"o":{"a":0,"k":100,"ix":4},"w":{"a":0,"k":0.632,"ix":5},"lc":2,"lj":2,"bm":0,"nm":"Stroke 1","mn":"ADBE Vector Graphic - Stroke","hd":false},{"ty":"tr","p":{"a":0,"k":[148.955,203.21],"ix":2},"a":{"a":0,"k":[0,0],"ix":1},"s":{"a":0,"k":[100,100],"ix":3},"r":{"a":0,"k":0,"ix":6},"o":{"a":0,"k":100,"ix":7},"sk":{"a":0,"k":0,"ix":4},"sa":{"a":0,"k":0,"ix":5},"nm":"Transform"}],"nm":"Group 18","np":2,"cix":2,"bm":0,"ix":11,"mn":"ADBE Vector Group","hd":false},{"ty":"gr","it":[{"ind":0,"ty":"sh","ix":1,"ks":{"a":0,"k":{"i":[[0,0],[2.365,15.266]],"o":[[-0.215,-0.645],[0,0]],"v":[[2.15,25.049],[-2.15,-25.049]],"c":false},"ix":2},"nm":"Path 1","mn":"ADBE Vector Shape - Group","hd":false},{"ty":"st","c":{"a":0,"k":[0.176000004189,0.112000005385,0.135000011968,1],"ix":3},"o":{"a":0,"k":100,"ix":4},"w":{"a":0,"k":0.632,"ix":5},"lc":2,"lj":2,"bm":0,"nm":"Stroke 1","mn":"ADBE Vector Graphic - Stroke","hd":false},{"ty":"tr","p":{"a":0,"k":[156.051,238.903],"ix":2},"a":{"a":0,"k":[0,0],"ix":1},"s":{"a":0,"k":[100,100],"ix":3},"r":{"a":0,"k":0,"ix":6},"o":{"a":0,"k":100,"ix":7},"sk":{"a":0,"k":0,"ix":4},"sa":{"a":0,"k":0,"ix":5},"nm":"Transform"}],"nm":"Group 19","np":2,"cix":2,"bm":0,"ix":12,"mn":"ADBE Vector Group","hd":false},{"ty":"gr","it":[{"ind":0,"ty":"sh","ix":1,"ks":{"a":0,"k":{"i":[[0,0],[-4.028,4.201]],"o":[[0,0],[4.029,-4.202]],"v":[[10.761,16.159],[-6.732,-11.956]],"c":true},"ix":2},"nm":"Path 1","mn":"ADBE Vector Shape - Group","hd":false},{"ty":"st","c":{"a":0,"k":[0.176000004189,0.112000005385,0.135000011968,1],"ix":3},"o":{"a":0,"k":100,"ix":4},"w":{"a":0,"k":0.632,"ix":5},"lc":2,"lj":2,"bm":0,"nm":"Stroke 1","mn":"ADBE Vector Graphic - Stroke","hd":false},{"ty":"tr","p":{"a":0,"k":[102.553,249.001],"ix":2},"a":{"a":0,"k":[0,0],"ix":1},"s":{"a":0,"k":[100,100],"ix":3},"r":{"a":0,"k":0,"ix":6},"o":{"a":0,"k":100,"ix":7},"sk":{"a":0,"k":0,"ix":4},"sa":{"a":0,"k":0,"ix":5},"nm":"Transform"}],"nm":"Group 20","np":2,"cix":2,"bm":0,"ix":13,"mn":"ADBE Vector Group","hd":false},{"ty":"gr","it":[{"ind":0,"ty":"sh","ix":1,"ks":{"a":0,"k":{"i":[[0,0],[-5.806,-0.429]],"o":[[0,0],[5.805,0.43]],"v":[[-8.17,15.911],[2.365,-15.482]],"c":true},"ix":2},"nm":"Path 1","mn":"ADBE Vector Shape - Group","hd":false},{"ty":"st","c":{"a":0,"k":[0.176000004189,0.112000005385,0.135000011968,1],"ix":3},"o":{"a":0,"k":100,"ix":4},"w":{"a":0,"k":0.632,"ix":5},"lc":2,"lj":2,"bm":0,"nm":"Stroke 1","mn":"ADBE Vector Graphic - Stroke","hd":false},{"ty":"tr","p":{"a":0,"k":[121.002,248.902],"ix":2},"a":{"a":0,"k":[0,0],"ix":1},"s":{"a":0,"k":[100,100],"ix":3},"r":{"a":0,"k":0,"ix":6},"o":{"a":0,"k":100,"ix":7},"sk":{"a":0,"k":0,"ix":4},"sa":{"a":0,"k":0,"ix":5},"nm":"Transform"}],"nm":"Group 21","np":2,"cix":2,"bm":0,"ix":14,"mn":"ADBE Vector Group","hd":false},{"ty":"gr","it":[{"ind":0,"ty":"sh","ix":1,"ks":{"a":0,"k":{"i":[[0,0],[-8.206,3.052]],"o":[[0,0],[8.207,-3.05]],"v":[[11.804,19.532],[-3.597,-16.482]],"c":true},"ix":2},"nm":"Path 1","mn":"ADBE Vector Shape - Group","hd":false},{"ty":"st","c":{"a":0,"k":[0.176000004189,0.112000005385,0.135000011968,1],"ix":3},"o":{"a":0,"k":100,"ix":4},"w":{"a":0,"k":0.632,"ix":5},"lc":2,"lj":2,"bm":0,"nm":"Stroke 1","mn":"ADBE Vector Graphic - Stroke","hd":false},{"ty":"tr","p":{"a":0,"k":[97.881,217.947],"ix":2},"a":{"a":0,"k":[0,0],"ix":1},"s":{"a":0,"k":[100,100],"ix":3},"r":{"a":0,"k":0,"ix":6},"o":{"a":0,"k":100,"ix":7},"sk":{"a":0,"k":0,"ix":4},"sa":{"a":0,"k":0,"ix":5},"nm":"Transform"}],"nm":"Group 22","np":2,"cix":2,"bm":0,"ix":15,"mn":"ADBE Vector Group","hd":false},{"ty":"gr","it":[{"ind":0,"ty":"sh","ix":1,"ks":{"a":0,"k":{"i":[[0,0],[-7.955,-3.655]],"o":[[0,0],[7.956,3.655]],"v":[[-11.288,19.996],[3.332,-16.341]],"c":true},"ix":2},"nm":"Path 1","mn":"ADBE Vector Shape - Group","hd":false},{"ty":"st","c":{"a":0,"k":[0.176000004189,0.112000005385,0.135000011968,1],"ix":3},"o":{"a":0,"k":100,"ix":4},"w":{"a":0,"k":0.632,"ix":5},"lc":2,"lj":2,"bm":0,"nm":"Stroke 1","mn":"ADBE Vector Graphic - Stroke","hd":false},{"ty":"tr","p":{"a":0,"k":[121.11,217.508],"ix":2},"a":{"a":0,"k":[0,0],"ix":1},"s":{"a":0,"k":[100,100],"ix":3},"r":{"a":0,"k":0,"ix":6},"o":{"a":0,"k":100,"ix":7},"sk":{"a":0,"k":0,"ix":4},"sa":{"a":0,"k":0,"ix":5},"nm":"Transform"}],"nm":"Group 23","np":2,"cix":2,"bm":0,"ix":16,"mn":"ADBE Vector Group","hd":false},{"ty":"gr","it":[{"ind":0,"ty":"sh","ix":1,"ks":{"a":0,"k":{"i":[[0,0],[-10.32,-0.43]],"o":[[0,0],[10.321,0.429]],"v":[[-2.15,22.146],[0,-21.716]],"c":true},"ix":2},"nm":"Path 1","mn":"ADBE Vector Shape - Group","hd":false},{"ty":"st","c":{"a":0,"k":[0.176000004189,0.112000005385,0.135000011968,1],"ix":3},"o":{"a":0,"k":100,"ix":4},"w":{"a":0,"k":0.632,"ix":5},"lc":2,"lj":2,"bm":0,"nm":"Stroke 1","mn":"ADBE Vector Graphic - Stroke","hd":false},{"ty":"tr","p":{"a":0,"k":[111.542,192.352],"ix":2},"a":{"a":0,"k":[0,0],"ix":1},"s":{"a":0,"k":[100,100],"ix":3},"r":{"a":0,"k":0,"ix":6},"o":{"a":0,"k":100,"ix":7},"sk":{"a":0,"k":0,"ix":4},"sa":{"a":0,"k":0,"ix":5},"nm":"Transform"}],"nm":"Group 24","np":2,"cix":2,"bm":0,"ix":17,"mn":"ADBE Vector Group","hd":false},{"ty":"gr","it":[{"ind":0,"ty":"sh","ix":1,"ks":{"a":0,"k":{"i":[[0,0],[-6.406,-23.721]],"o":[[-0.92,24.554],[0,0]],"v":[[-3.686,-36.482],[4.606,36.482]],"c":false},"ix":2},"nm":"Path 1","mn":"ADBE Vector Shape - Group","hd":false},{"ty":"st","c":{"a":0,"k":[0.176000004189,0.112000005385,0.135000011968,1],"ix":3},"o":{"a":0,"k":100,"ix":4},"w":{"a":0,"k":0.632,"ix":5},"lc":2,"lj":2,"bm":0,"nm":"Stroke 1","mn":"ADBE Vector Graphic - Stroke","hd":false},{"ty":"tr","p":{"a":0,"k":[113.096,249.373],"ix":2},"a":{"a":0,"k":[0,0],"ix":1},"s":{"a":0,"k":[100,100],"ix":3},"r":{"a":0,"k":0,"ix":6},"o":{"a":0,"k":100,"ix":7},"sk":{"a":0,"k":0,"ix":4},"sa":{"a":0,"k":0,"ix":5},"nm":"Transform"}],"nm":"Group 25","np":2,"cix":2,"bm":0,"ix":18,"mn":"ADBE Vector Group","hd":false},{"ty":"gr","it":[{"ind":0,"ty":"sh","ix":1,"ks":{"a":0,"k":{"i":[[0,0],[0,0]],"o":[[0,0],[0,0]],"v":[[-33.514,6.953],[33.514,-6.952]],"c":false},"ix":2},"nm":"Path 1","mn":"ADBE Vector Shape - Group","hd":false},{"ty":"st","c":{"a":0,"k":[0.176000004189,0.112000005385,0.135000011968,1],"ix":3},"o":{"a":0,"k":100,"ix":4},"w":{"a":0,"k":0.637,"ix":5},"lc":2,"lj":2,"bm":0,"nm":"Stroke 1","mn":"ADBE Vector Graphic - Stroke","hd":false},{"ty":"tr","p":{"a":0,"k":[275.091,260.369],"ix":2},"a":{"a":0,"k":[0,0],"ix":1},"s":{"a":0,"k":[100,100],"ix":3},"r":{"a":0,"k":0,"ix":6},"o":{"a":0,"k":100,"ix":7},"sk":{"a":0,"k":0,"ix":4},"sa":{"a":0,"k":0,"ix":5},"nm":"Transform"}],"nm":"Group 26","np":2,"cix":2,"bm":0,"ix":19,"mn":"ADBE Vector Group","hd":false},{"ty":"gr","it":[{"ind":0,"ty":"sh","ix":1,"ks":{"a":0,"k":{"i":[[0,0],[0,0]],"o":[[0,0],[0,0]],"v":[[-4.54,-26.29],[4.54,26.29]],"c":false},"ix":2},"nm":"Path 1","mn":"ADBE Vector Shape - Group","hd":false},{"ty":"st","c":{"a":0,"k":[0.176000004189,0.112000005385,0.135000011968,1],"ix":3},"o":{"a":0,"k":100,"ix":4},"w":{"a":0,"k":0.637,"ix":5},"lc":2,"lj":2,"bm":0,"nm":"Stroke 1","mn":"ADBE Vector Graphic - Stroke","hd":false},{"ty":"tr","p":{"a":0,"k":[235.74,222.781],"ix":2},"a":{"a":0,"k":[0,0],"ix":1},"s":{"a":0,"k":[100,100],"ix":3},"r":{"a":0,"k":0,"ix":6},"o":{"a":0,"k":100,"ix":7},"sk":{"a":0,"k":0,"ix":4},"sa":{"a":0,"k":0,"ix":5},"nm":"Transform"}],"nm":"Group 27","np":2,"cix":2,"bm":0,"ix":20,"mn":"ADBE Vector Group","hd":false},{"ty":"gr","it":[{"ind":0,"ty":"sh","ix":1,"ks":{"a":0,"k":{"i":[[0,0],[0,0]],"o":[[0,0],[0,0]],"v":[[-2.837,-41.445],[2.837,41.445]],"c":false},"ix":2},"nm":"Path 1","mn":"ADBE Vector Shape - Group","hd":false},{"ty":"st","c":{"a":0,"k":[0.176000004189,0.112000005385,0.135000011968,1],"ix":3},"o":{"a":0,"k":100,"ix":4},"w":{"a":0,"k":0.637,"ix":5},"lc":2,"lj":2,"bm":0,"nm":"Stroke 1","mn":"ADBE Vector Graphic - Stroke","hd":false},{"ty":"tr","p":{"a":0,"k":[239.226,232.721],"ix":2},"a":{"a":0,"k":[0,0],"ix":1},"s":{"a":0,"k":[100,100],"ix":3},"r":{"a":0,"k":0,"ix":6},"o":{"a":0,"k":100,"ix":7},"sk":{"a":0,"k":0,"ix":4},"sa":{"a":0,"k":0,"ix":5},"nm":"Transform"}],"nm":"Group 28","np":2,"cix":2,"bm":0,"ix":21,"mn":"ADBE Vector Group","hd":false},{"ty":"gr","it":[{"ind":0,"ty":"sh","ix":1,"ks":{"a":0,"k":{"i":[[0,0],[0,0]],"o":[[0,0],[0,0]],"v":[[4.515,-31.823],[-4.515,31.823]],"c":false},"ix":2},"nm":"Path 1","mn":"ADBE Vector Shape - Group","hd":false},{"ty":"st","c":{"a":0,"k":[0.176000004189,0.112000005385,0.135000011968,1],"ix":3},"o":{"a":0,"k":100,"ix":4},"w":{"a":0,"k":0.632,"ix":5},"lc":2,"lj":2,"bm":0,"nm":"Stroke 1","mn":"ADBE Vector Graphic - Stroke","hd":false},{"ty":"tr","p":{"a":0,"k":[81.332,220.949],"ix":2},"a":{"a":0,"k":[0,0],"ix":1},"s":{"a":0,"k":[100,100],"ix":3},"r":{"a":0,"k":0,"ix":6},"o":{"a":0,"k":100,"ix":7},"sk":{"a":0,"k":0,"ix":4},"sa":{"a":0,"k":0,"ix":5},"nm":"Transform"}],"nm":"Group 29","np":2,"cix":2,"bm":0,"ix":22,"mn":"ADBE Vector Group","hd":false},{"ty":"gr","it":[{"ind":0,"ty":"sh","ix":1,"ks":{"a":0,"k":{"i":[[0,0],[0,0]],"o":[[0,0],[0,0]],"v":[[2.365,-41.498],[-2.365,41.498]],"c":false},"ix":2},"nm":"Path 1","mn":"ADBE Vector Shape - Group","hd":false},{"ty":"st","c":{"a":0,"k":[0.176000004189,0.112000005385,0.135000011968,1],"ix":3},"o":{"a":0,"k":100,"ix":4},"w":{"a":0,"k":0.632,"ix":5},"lc":2,"lj":2,"bm":0,"nm":"Stroke 1","mn":"ADBE Vector Graphic - Stroke","hd":false},{"ty":"tr","p":{"a":0,"k":[78.322,220.304],"ix":2},"a":{"a":0,"k":[0,0],"ix":1},"s":{"a":0,"k":[100,100],"ix":3},"r":{"a":0,"k":0,"ix":6},"o":{"a":0,"k":100,"ix":7},"sk":{"a":0,"k":0,"ix":4},"sa":{"a":0,"k":0,"ix":5},"nm":"Transform"}],"nm":"Group 30","np":2,"cix":2,"bm":0,"ix":23,"mn":"ADBE Vector Group","hd":false},{"ty":"gr","it":[{"ind":0,"ty":"sh","ix":1,"ks":{"a":0,"k":{"i":[[0,0],[-8.601,10.536],[0,0]],"o":[[0,0],[8.601,-10.536],[0,0]],"v":[[-12.686,20.749],[1.505,-8.923],[12.686,-20.749]],"c":false},"ix":2},"nm":"Path 1","mn":"ADBE Vector Shape - Group","hd":false},{"ty":"st","c":{"a":0,"k":[0.225999989229,0.150999989229,0.179000001795,1],"ix":3},"o":{"a":0,"k":100,"ix":4},"w":{"a":0,"k":0.632,"ix":5},"lc":2,"lj":2,"bm":0,"nm":"Stroke 1","mn":"ADBE Vector Graphic - Stroke","hd":false},{"ty":"tr","p":{"a":0,"k":[21.557,350.066],"ix":2},"a":{"a":0,"k":[0,0],"ix":1},"s":{"a":0,"k":[100,100],"ix":3},"r":{"a":0,"k":0,"ix":6},"o":{"a":0,"k":100,"ix":7},"sk":{"a":0,"k":0,"ix":4},"sa":{"a":0,"k":0,"ix":5},"nm":"Transform"}],"nm":"Group 31","np":2,"cix":2,"bm":0,"ix":24,"mn":"ADBE Vector Group","hd":false},{"ty":"gr","it":[{"ind":0,"ty":"sh","ix":1,"ks":{"a":0,"k":{"i":[[0,0],[-7.955,8.171],[0,0]],"o":[[0,0],[7.956,-8.17],[0,0]],"v":[[-12.793,18.598],[1.827,-9.139],[12.793,-18.598]],"c":false},"ix":2},"nm":"Path 1","mn":"ADBE Vector Shape - Group","hd":false},{"ty":"st","c":{"a":0,"k":[0.225999989229,0.150999989229,0.179000001795,1],"ix":3},"o":{"a":0,"k":100,"ix":4},"w":{"a":0,"k":0.632,"ix":5},"lc":2,"lj":2,"bm":0,"nm":"Stroke 1","mn":"ADBE Vector Graphic - Stroke","hd":false},{"ty":"tr","p":{"a":0,"k":[29.62,352.217],"ix":2},"a":{"a":0,"k":[0,0],"ix":1},"s":{"a":0,"k":[100,100],"ix":3},"r":{"a":0,"k":0,"ix":6},"o":{"a":0,"k":100,"ix":7},"sk":{"a":0,"k":0,"ix":4},"sa":{"a":0,"k":0,"ix":5},"nm":"Transform"}],"nm":"Group 32","np":2,"cix":2,"bm":0,"ix":25,"mn":"ADBE Vector Group","hd":false},{"ty":"gr","it":[{"ind":0,"ty":"sh","ix":1,"ks":{"a":0,"k":{"i":[[0,0],[-7.525,6.021],[0,0]],"o":[[0,0],[0,0],[0,0]],"v":[[-11.826,16.449],[4.3,-10.429],[11.826,-16.449]],"c":false},"ix":2},"nm":"Path 1","mn":"ADBE Vector Shape - Group","hd":false},{"ty":"st","c":{"a":0,"k":[0.225999989229,0.150999989229,0.179000001795,1],"ix":3},"o":{"a":0,"k":100,"ix":4},"w":{"a":0,"k":0.632,"ix":5},"lc":2,"lj":2,"bm":0,"nm":"Stroke 1","mn":"ADBE Vector Graphic - Stroke","hd":false},{"ty":"tr","p":{"a":0,"k":[37.899,354.582],"ix":2},"a":{"a":0,"k":[0,0],"ix":1},"s":{"a":0,"k":[100,100],"ix":3},"r":{"a":0,"k":0,"ix":6},"o":{"a":0,"k":100,"ix":7},"sk":{"a":0,"k":0,"ix":4},"sa":{"a":0,"k":0,"ix":5},"nm":"Transform"}],"nm":"Group 33","np":2,"cix":2,"bm":0,"ix":26,"mn":"ADBE Vector Group","hd":false},{"ty":"gr","it":[{"ind":0,"ty":"sh","ix":1,"ks":{"a":0,"k":{"i":[[0.337,-0.563],[3.931,-10.516],[-1.98,-0.068],[-2.945,1.964],[-12.47,1.72],[-3.644,1.234],[0.141,1.022],[0,0],[0.299,0.322],[0,0],[0.693,-0.092],[0,0]],"o":[[-2.753,4.597],[-0.694,1.857],[7.195,0.245],[3.87,-2.58],[9.645,-1.33],[0.976,-0.332],[0,0],[-0.06,-0.436],[0,0],[-0.475,-0.514],[0,0],[-0.65,0.086]],"v":[[-17.875,-16.905],[-37.332,19.751],[-34.707,23.654],[-9.178,22.212],[14.043,-0.149],[36.462,-5.587],[37.885,-7.913],[36.498,-17.971],[35.947,-19.136],[32.002,-23.411],[30.139,-24.084],[-16.322,-17.917]],"c":true},"ix":2},"nm":"Path 1","mn":"ADBE Vector Shape - Group","hd":false},{"ty":"fl","c":{"a":0,"k":[1,0.669000004787,0.665000047871,1],"ix":4},"o":{"a":0,"k":100,"ix":5},"r":1,"bm":0,"nm":"Fill 1","mn":"ADBE Vector Graphic - Fill","hd":false},{"ty":"tr","p":{"a":0,"k":[42.131,347.528],"ix":2},"a":{"a":0,"k":[0,0],"ix":1},"s":{"a":0,"k":[100,100],"ix":3},"r":{"a":0,"k":0,"ix":6},"o":{"a":0,"k":100,"ix":7},"sk":{"a":0,"k":0,"ix":4},"sa":{"a":0,"k":0,"ix":5},"nm":"Transform"}],"nm":"Group 34","np":2,"cix":2,"bm":0,"ix":27,"mn":"ADBE Vector Group","hd":false},{"ty":"gr","it":[{"ind":0,"ty":"sh","ix":1,"ks":{"a":0,"k":{"i":[[0,0],[8.601,3.44],[4.73,-3.441],[-3.01,-3.44],[-5.16,0.43],[-18.492,0.861],[0,0]],"o":[[0,0],[-8.6,-3.44],[-4.73,3.44],[3.01,3.44],[5.161,-0.43],[18.492,-0.86],[0,0]],"v":[[48.271,-29.349],[2.257,-24.834],[-29.135,-14.083],[-48.487,25.909],[-22.685,-2.472],[9.998,3.547],[51.497,-4.837]],"c":true},"ix":2},"nm":"Path 1","mn":"ADBE Vector Shape - Group","hd":false},{"ty":"fl","c":{"a":0,"k":[1,0.669000004787,0.665000047871,1],"ix":4},"o":{"a":0,"k":100,"ix":5},"r":1,"bm":0,"nm":"Fill 1","mn":"ADBE Vector Graphic - Fill","hd":false},{"ty":"tr","p":{"a":0,"k":[53.917,343.831],"ix":2},"a":{"a":0,"k":[0,0],"ix":1},"s":{"a":0,"k":[100,100],"ix":3},"r":{"a":0,"k":0,"ix":6},"o":{"a":0,"k":100,"ix":7},"sk":{"a":0,"k":0,"ix":4},"sa":{"a":0,"k":0,"ix":5},"nm":"Transform"}],"nm":"Group 35","np":2,"cix":2,"bm":0,"ix":28,"mn":"ADBE Vector Group","hd":false},{"ty":"gr","it":[{"ind":0,"ty":"sh","ix":1,"ks":{"a":0,"k":{"i":[[0,0],[0,0],[0,0],[-26.555,4.837],[0,0],[0,0],[0,0]],"o":[[0,0],[0,0],[0,0],[26.986,-4.917],[0,0],[0,0],[0,0]],"v":[[49.508,-34.241],[-90.307,6.074],[-87.082,30.587],[61.387,29.405],[90.307,3.71],[83.857,-18.221],[72.245,-34.134]],"c":true},"ix":2},"nm":"Path 1","mn":"ADBE Vector Shape - Group","hd":false},{"ty":"fl","c":{"a":0,"k":[1,0.669000004787,0.665000047871,1],"ix":4},"o":{"a":0,"k":100,"ix":5},"r":1,"bm":0,"nm":"Fill 1","mn":"ADBE Vector Graphic - Fill","hd":false},{"ty":"tr","p":{"a":0,"k":[192.496,308.407],"ix":2},"a":{"a":0,"k":[0,0],"ix":1},"s":{"a":0,"k":[100,100],"ix":3},"r":{"a":0,"k":0,"ix":6},"o":{"a":0,"k":100,"ix":7},"sk":{"a":0,"k":0,"ix":4},"sa":{"a":0,"k":0,"ix":5},"nm":"Transform"}],"nm":"Group 36","np":2,"cix":2,"bm":0,"ix":29,"mn":"ADBE Vector Group","hd":false},{"ty":"gr","it":[{"ind":0,"ty":"sh","ix":1,"ks":{"a":0,"k":{"i":[[0,0],[0,0],[-5.285,32.111],[0,0]],"o":[[0,0],[0,0],[4.193,-25.48],[0,0]],"v":[[-29.834,-27.335],[-22.953,37.172],[25.641,4.919],[26.608,-37.172]],"c":true},"ix":2},"nm":"Path 1","mn":"ADBE Vector Shape - Group","hd":false},{"ty":"fl","c":{"a":0,"k":[1,0.669000004787,0.665000047871,1],"ix":4},"o":{"a":0,"k":100,"ix":5},"r":1,"bm":0,"nm":"Fill 1","mn":"ADBE Vector Graphic - Fill","hd":false},{"ty":"tr","p":{"a":0,"k":[271.353,301.177],"ix":2},"a":{"a":0,"k":[0,0],"ix":1},"s":{"a":0,"k":[100,100],"ix":3},"r":{"a":0,"k":0,"ix":6},"o":{"a":0,"k":100,"ix":7},"sk":{"a":0,"k":0,"ix":4},"sa":{"a":0,"k":0,"ix":5},"nm":"Transform"}],"nm":"Group 37","np":2,"cix":2,"bm":0,"ix":30,"mn":"ADBE Vector Group","hd":false},{"ty":"gr","it":[{"ind":0,"ty":"sh","ix":1,"ks":{"a":0,"k":{"i":[[0,0],[38.04,0],[0,0],[-5.072,12.946],[-1.902,8.699],[0,0],[0,0],[-0.913,-5.023],[-1.293,-7.897]],"o":[[0,0],[-38.039,0],[0,0],[3.221,-8.207],[1.116,-5.023],[0,0],[0,0],[0.963,5.203],[2.536,15.535]],"v":[[43.111,11.65],[-2.536,45.309],[-43.111,11.65],[-32.967,-6.473],[-24.624,-36.817],[-22.824,-45.309],[22.823,-45.309],[24.345,-37.153],[27.895,-16.83]],"c":true},"ix":2},"nm":"Path 1","mn":"ADBE Vector Shape - Group","hd":false},{"ty":"fl","c":{"a":0,"k":[1,0.669000004787,0.665000047871,1],"ix":4},"o":{"a":0,"k":100,"ix":5},"r":1,"bm":0,"nm":"Fill 1","mn":"ADBE Vector Graphic - Fill","hd":false},{"ty":"tr","p":{"a":0,"k":[161.641,77.377],"ix":2},"a":{"a":0,"k":[0,0],"ix":1},"s":{"a":0,"k":[100,100],"ix":3},"r":{"a":0,"k":0,"ix":6},"o":{"a":0,"k":100,"ix":7},"sk":{"a":0,"k":0,"ix":4},"sa":{"a":0,"k":0,"ix":5},"nm":"Transform"}],"nm":"Group 38","np":2,"cix":2,"bm":0,"ix":31,"mn":"ADBE Vector Group","hd":false},{"ty":"gr","it":[{"ind":0,"ty":"sh","ix":1,"ks":{"a":0,"k":{"i":[[0,0],[15.051,-34.833],[0,0],[0,0]],"o":[[0,0],[-15.052,34.833],[0,0],[0,0]],"v":[[28.813,-82.352],[-25.801,-26.878],[-40.854,65.58],[40.854,82.352]],"c":true},"ix":2},"nm":"Path 1","mn":"ADBE Vector Shape - Group","hd":false},{"ty":"fl","c":{"a":0,"k":[1,0.870000023935,0.736999990426,1],"ix":4},"o":{"a":0,"k":100,"ix":5},"r":1,"bm":0,"nm":"Fill 1","mn":"ADBE Vector Graphic - Fill","hd":false},{"ty":"tr","p":{"a":0,"k":[51.874,191.922],"ix":2},"a":{"a":0,"k":[0,0],"ix":1},"s":{"a":0,"k":[100,100],"ix":3},"r":{"a":0,"k":0,"ix":6},"o":{"a":0,"k":100,"ix":7},"sk":{"a":0,"k":0,"ix":4},"sa":{"a":0,"k":0,"ix":5},"nm":"Transform"}],"nm":"Group 39","np":2,"cix":2,"bm":0,"ix":32,"mn":"ADBE Vector Group","hd":false},{"ty":"gr","it":[{"ind":0,"ty":"sh","ix":1,"ks":{"a":0,"k":{"i":[[0,0],[-15.052,-55.475],[0,0],[0,1.29],[0,0]],"o":[[0,0],[15.051,55.475],[0,0],[0,-1.29],[0,0]],"v":[[-17.202,-84.502],[21.932,-24.296],[40.853,67.301],[-40.853,83.212],[-29.673,-63.859]],"c":true},"ix":2},"nm":"Path 1","mn":"ADBE Vector Shape - Group","hd":false},{"ty":"fl","c":{"a":0,"k":[1,0.870000023935,0.736999990426,1],"ix":4},"o":{"a":0,"k":100,"ix":5},"r":1,"bm":0,"nm":"Fill 1","mn":"ADBE Vector Graphic - Fill","hd":false},{"ty":"tr","p":{"a":0,"k":[268.182,194.502],"ix":2},"a":{"a":0,"k":[0,0],"ix":1},"s":{"a":0,"k":[100,100],"ix":3},"r":{"a":0,"k":0,"ix":6},"o":{"a":0,"k":100,"ix":7},"sk":{"a":0,"k":0,"ix":4},"sa":{"a":0,"k":0,"ix":5},"nm":"Transform"}],"nm":"Group 40","np":2,"cix":2,"bm":0,"ix":33,"mn":"ADBE Vector Group","hd":false},{"ty":"gr","it":[{"ind":0,"ty":"sh","ix":1,"ks":{"a":0,"k":{"i":[[0,0],[11.611,-10.966],[-4.515,-40.638],[0,0],[0,0],[0,0],[0,0],[0.653,46.341],[0,0],[0,0]],"o":[[0,0],[0,0],[2.851,25.66],[0,0],[0,0],[0,0],[0,0],[-0.644,-45.799],[0,0],[0,0]],"v":[[-37.198,-140.783],[-92.888,-108.369],[-87.082,-6.451],[-74.181,64.72],[-101.918,145.781],[101.918,145.781],[80.202,68.16],[90.306,-18.706],[100.843,-118.475],[42.574,-145.781]],"c":true},"ix":2},"nm":"Path 1","mn":"ADBE Vector Shape - Group","hd":false},{"ty":"fl","c":{"a":0,"k":[1,0.870000023935,0.736999990426,1],"ix":4},"o":{"a":0,"k":100,"ix":5},"r":1,"bm":0,"nm":"Fill 1","mn":"ADBE Vector Graphic - Fill","hd":false},{"ty":"tr","p":{"a":0,"k":[155.728,230.624],"ix":2},"a":{"a":0,"k":[0,0],"ix":1},"s":{"a":0,"k":[100,100],"ix":3},"r":{"a":0,"k":0,"ix":6},"o":{"a":0,"k":100,"ix":7},"sk":{"a":0,"k":0,"ix":4},"sa":{"a":0,"k":0,"ix":5},"nm":"Transform"}],"nm":"Group 41","np":2,"cix":2,"bm":0,"ix":34,"mn":"ADBE Vector Group","hd":false}],"ip":0,"op":1592,"st":0,"bm":0},{"ddd":0,"ind":7,"ty":4,"nm":"Ear","sr":1,"ks":{"o":{"a":0,"k":100,"ix":11},"r":{"a":0,"k":0,"ix":10},"p":{"a":1,"k":[{"i":{"x":0.35,"y":1},"o":{"x":0.65,"y":0},"t":24,"s":[501.591,357.511,0],"to":[-1.5,0,0],"ti":[-1.833,0,0]},{"i":{"x":0.35,"y":1},"o":{"x":0.65,"y":0},"t":44,"s":[492.591,357.511,0],"to":[1.833,0,0],"ti":[-0.5,1.833,0]},{"i":{"x":0.35,"y":1},"o":{"x":0.65,"y":0},"t":65,"s":[512.591,357.511,0],"to":[0.5,-1.833,0],"ti":[1.667,-2,0]},{"i":{"x":0.35,"y":1},"o":{"x":0.65,"y":0},"t":86,"s":[495.591,346.511,0],"to":[-1.667,2,0],"ti":[0.5,-1.833,0]},{"i":{"x":0.35,"y":1},"o":{"x":0.65,"y":0},"t":110,"s":[502.591,369.511,0],"to":[-0.5,1.833,0],"ti":[-1.333,2,0]},{"i":{"x":0.35,"y":1},"o":{"x":0.65,"y":0},"t":134,"s":[492.591,357.511,0],"to":[1.333,-2,0],"ti":[-0.333,-1.5,0]},{"i":{"x":0.35,"y":1},"o":{"x":0.65,"y":0},"t":154,"s":[510.591,357.511,0],"to":[0.333,1.5,0],"ti":[1.5,0,0]},{"i":{"x":0.35,"y":1},"o":{"x":0.65,"y":0},"t":176,"s":[494.591,366.511,0],"to":[-1.5,0,0],"ti":[-1.167,1.5,0]},{"t":195,"s":[501.591,357.511,0]}],"ix":2,"l":2},"a":{"a":0,"k":[87.978,25.927,0],"ix":1,"l":2},"s":{"a":0,"k":[100,100,100],"ix":6,"l":2}},"ao":0,"shapes":[{"ty":"gr","it":[{"ind":0,"ty":"sh","ix":1,"ks":{"a":0,"k":{"i":[[0.022,0.096],[3.626,1.302],[-2.502,-10.472],[-7.526,-3.293],[-0.118,-0.506]],"o":[[-1.119,-4.76],[-10.709,-3.843],[2.149,8.992],[2.401,1.05],[0,-0.001]],"v":[[10.753,-8.712],[-1.502,-20.57],[-16.033,0.685],[0.354,21.431],[18.536,24.413]],"c":true},"ix":2},"nm":"Path 1","mn":"ADBE Vector Shape - Group","hd":false},{"ty":"fl","c":{"a":0,"k":[1,0.669000004787,0.665000047871,1],"ix":4},"o":{"a":0,"k":100,"ix":5},"r":1,"bm":0,"nm":"Fill 1","mn":"ADBE Vector Graphic - Fill","hd":false},{"ty":"tr","p":{"a":0,"k":[28.785,24.664],"ix":2},"a":{"a":0,"k":[0,0],"ix":1},"s":{"a":0,"k":[100,100],"ix":3},"r":{"a":0,"k":0,"ix":6},"o":{"a":0,"k":100,"ix":7},"sk":{"a":0,"k":0,"ix":4},"sa":{"a":0,"k":0,"ix":5},"nm":"Transform"}],"nm":"Group 1","np":2,"cix":2,"bm":0,"ix":1,"mn":"ADBE Vector Group","hd":false},{"ty":"gr","it":[{"ind":0,"ty":"sh","ix":1,"ks":{"a":0,"k":{"i":[[-0.022,0.096],[-3.627,1.301],[2.502,-10.472],[7.526,-3.293],[0.118,-0.506]],"o":[[1.119,-4.76],[10.708,-3.844],[-2.148,8.992],[-2.401,1.05],[0,-0.001]],"v":[[-10.752,-8.712],[1.504,-20.569],[16.033,0.685],[-0.353,21.431],[-18.535,24.413]],"c":true},"ix":2},"nm":"Path 1","mn":"ADBE Vector Shape - Group","hd":false},{"ty":"fl","c":{"a":0,"k":[1,0.669000004787,0.665000047871,1],"ix":4},"o":{"a":0,"k":100,"ix":5},"r":1,"bm":0,"nm":"Fill 1","mn":"ADBE Vector Graphic - Fill","hd":false},{"ty":"tr","p":{"a":0,"k":[148.671,27.19],"ix":2},"a":{"a":0,"k":[0,0],"ix":1},"s":{"a":0,"k":[100,100],"ix":3},"r":{"a":0,"k":0,"ix":6},"o":{"a":0,"k":100,"ix":7},"sk":{"a":0,"k":0,"ix":4},"sa":{"a":0,"k":0,"ix":5},"nm":"Transform"}],"nm":"Group 2","np":2,"cix":2,"bm":0,"ix":2,"mn":"ADBE Vector Group","hd":false}],"ip":0,"op":1592,"st":0,"bm":0},{"ddd":0,"ind":8,"ty":4,"nm":"Back Hair","sr":1,"ks":{"o":{"a":0,"k":100,"ix":11},"r":{"a":0,"k":0,"ix":10},"p":{"a":1,"k":[{"i":{"x":0.35,"y":1},"o":{"x":0.65,"y":0},"t":24,"s":[504.463,329.197,0],"to":[-2.167,0,0],"ti":[-2.167,0,0]},{"i":{"x":0.35,"y":1},"o":{"x":0.65,"y":0},"t":44,"s":[491.463,329.197,0],"to":[2.167,0,0],"ti":[-2.167,1.667,0]},{"i":{"x":0.35,"y":1},"o":{"x":0.65,"y":0},"t":65,"s":[517.463,329.197,0],"to":[2.167,-1.667,0],"ti":[1.167,-3,0]},{"i":{"x":0.35,"y":1},"o":{"x":0.65,"y":0},"t":86,"s":[504.463,319.197,0],"to":[-1.167,3,0],"ti":[2.167,-1.667,0]},{"i":{"x":0.35,"y":1},"o":{"x":0.65,"y":0},"t":110,"s":[510.463,347.197,0],"to":[-2.167,1.667,0],"ti":[-1.167,3,0]},{"i":{"x":0.35,"y":1},"o":{"x":0.65,"y":0},"t":134,"s":[491.463,329.197,0],"to":[1.167,-3,0],"ti":[-0.333,-2,0]},{"i":{"x":0.35,"y":1},"o":{"x":0.65,"y":0},"t":154,"s":[517.463,329.197,0],"to":[0.333,2,0],"ti":[2.167,0,0]},{"i":{"x":0.35,"y":1},"o":{"x":0.65,"y":0},"t":176,"s":[493.463,341.197,0],"to":[-2.167,0,0],"ti":[-1.833,2,0]},{"t":195,"s":[504.463,329.197,0]}],"ix":2,"l":2},"a":{"a":0,"k":[96.226,91.065,0],"ix":1,"l":2},"s":{"a":0,"k":[100,100,100],"ix":6,"l":2}},"ao":0,"shapes":[{"ty":"gr","it":[{"ind":0,"ty":"sh","ix":1,"ks":{"a":0,"k":{"i":[[-16.925,4.944],[-6.668,-3.057],[-6.717,-2.955],[-3.748,-3.101],[-1.035,-5.059],[-2.244,-5.299],[-3.709,-5.291],[1.334,-8.238],[-1.141,-6.421],[-0.778,-5.94],[5.691,-4.914],[4.999,-5.579],[5.392,-1.653],[5.068,-2.832],[3.046,-1.314],[2.197,4.249],[0.014,4.754],[2.394,12.411],[-0.035,6.449],[-1.349,6.757],[4.043,9.27],[2.181,5.524]],"o":[[7.062,-2.063],[6.668,3.058],[4.485,1.973],[4.042,3.346],[1.15,5.618],[2.506,5.92],[4.833,6.894],[-1.043,6.437],[1.05,5.901],[0.963,7.335],[-5.692,4.914],[-3.712,4.141],[-5.575,1.71],[-2.889,1.614],[-4.475,1.93],[-2.197,-4.249],[-0.039,-12.627],[-1.223,-6.339],[0.037,-6.883],[1.972,-9.884],[-2.376,-5.448],[-4.594,-11.636]],"v":[[-34.459,-88.752],[-13.041,-85.875],[6.411,-75.661],[19.494,-69.124],[26.909,-55.756],[30.018,-38.888],[41.548,-23.37],[47.059,0.466],[44.16,19.677],[50.421,36.505],[40.844,55.675],[23.384,69.932],[11.24,81.059],[-6.006,82.767],[-13.704,88.885],[-25.761,83.434],[-27.868,69.459],[-31.528,31.797],[-34.248,12.664],[-31.041,-7.713],[-32.207,-37.441],[-40.734,-53.117]],"c":true},"ix":2},"nm":"Path 1","mn":"ADBE Vector Shape - Group","hd":false},{"ty":"fl","c":{"a":0,"k":[0.176000004189,0.112000005385,0.135000011968,1],"ix":4},"o":{"a":0,"k":100,"ix":5},"r":1,"bm":0,"nm":"Fill 1","mn":"ADBE Vector Graphic - Fill","hd":false},{"ty":"tr","p":{"a":0,"k":[140.819,91.065],"ix":2},"a":{"a":0,"k":[0,0],"ix":1},"s":{"a":0,"k":[100,100],"ix":3},"r":{"a":0,"k":0,"ix":6},"o":{"a":0,"k":100,"ix":7},"sk":{"a":0,"k":0,"ix":4},"sa":{"a":0,"k":0,"ix":5},"nm":"Transform"}],"nm":"Group 1","np":2,"cix":2,"bm":0,"ix":1,"mn":"ADBE Vector Group","hd":false},{"ty":"gr","it":[{"ind":0,"ty":"sh","ix":1,"ks":{"a":0,"k":{"i":[[16.925,4.944],[6.668,-3.057],[6.717,-2.955],[3.748,-3.101],[1.035,-5.059],[2.244,-5.299],[3.71,-5.291],[-1.334,-8.238],[1.142,-6.421],[0.779,-5.94],[-5.691,-4.914],[-5,-5.579],[-5.391,-1.653],[-5.068,-2.832],[-3.046,-1.314],[-2.197,4.249],[-0.015,4.754],[-2.394,12.411],[0.035,6.449],[1.348,6.757],[-4.043,9.27],[-2.181,5.524]],"o":[[-7.062,-2.063],[-6.668,3.058],[-4.485,1.973],[-4.042,3.346],[-1.15,5.618],[-2.506,5.92],[-4.832,6.894],[1.043,6.437],[-1.049,5.901],[-0.962,7.335],[5.692,4.914],[3.711,4.141],[5.575,1.71],[2.889,1.614],[4.475,1.93],[2.197,-4.249],[0.04,-12.627],[1.223,-6.339],[-0.038,-6.883],[-1.973,-9.884],[2.375,-5.448],[4.595,-11.636]],"v":[[34.459,-88.752],[13.041,-85.875],[-6.412,-75.661],[-19.494,-69.124],[-26.91,-55.756],[-30.019,-38.888],[-41.549,-23.37],[-47.059,0.466],[-44.161,19.677],[-50.421,36.505],[-40.844,55.675],[-23.383,69.932],[-11.24,81.059],[6.006,82.767],[13.704,88.885],[25.76,83.434],[27.868,69.459],[31.527,31.797],[34.248,12.664],[31.041,-7.713],[32.208,-37.441],[40.734,-53.117]],"c":true},"ix":2},"nm":"Path 1","mn":"ADBE Vector Shape - Group","hd":false},{"ty":"fl","c":{"a":0,"k":[0.176000004189,0.112000005385,0.135000011968,1],"ix":4},"o":{"a":0,"k":100,"ix":5},"r":1,"bm":0,"nm":"Fill 1","mn":"ADBE Vector Graphic - Fill","hd":false},{"ty":"tr","p":{"a":0,"k":[51.633,91.065],"ix":2},"a":{"a":0,"k":[0,0],"ix":1},"s":{"a":0,"k":[100,100],"ix":3},"r":{"a":0,"k":0,"ix":6},"o":{"a":0,"k":100,"ix":7},"sk":{"a":0,"k":0,"ix":4},"sa":{"a":0,"k":0,"ix":5},"nm":"Transform"}],"nm":"Group 2","np":2,"cix":2,"bm":0,"ix":2,"mn":"ADBE Vector Group","hd":false}],"ip":0,"op":1592,"st":0,"bm":0},{"ddd":0,"ind":9,"ty":4,"nm":"Back Lower hair","parent":8,"sr":1,"ks":{"o":{"a":0,"k":100,"ix":11},"r":{"a":1,"k":[{"i":{"x":[0.35],"y":[1]},"o":{"x":[0.65],"y":[0]},"t":24,"s":[0]},{"i":{"x":[0.35],"y":[1]},"o":{"x":[0.65],"y":[0]},"t":44,"s":[20]},{"i":{"x":[0.35],"y":[1]},"o":{"x":[0.65],"y":[0]},"t":65,"s":[15]},{"i":{"x":[0.35],"y":[1]},"o":{"x":[0.65],"y":[0]},"t":86,"s":[11]},{"i":{"x":[0.35],"y":[1]},"o":{"x":[0.65],"y":[0]},"t":110,"s":[20]},{"i":{"x":[0.35],"y":[1]},"o":{"x":[0.65],"y":[0]},"t":134,"s":[17]},{"i":{"x":[0.35],"y":[1]},"o":{"x":[0.65],"y":[0]},"t":154,"s":[19]},{"i":{"x":[0.35],"y":[1]},"o":{"x":[0.65],"y":[0]},"t":176,"s":[13]},{"t":195,"s":[0]}],"ix":10},"p":{"a":0,"k":[149.529,175.553,0],"ix":2,"l":2},"a":{"a":0,"k":[31.456,10.484,0],"ix":1,"l":2},"s":{"a":0,"k":[100,100,100],"ix":6,"l":2}},"ao":0,"shapes":[{"ty":"gr","it":[{"ind":0,"ty":"sh","ix":1,"ks":{"a":0,"k":{"i":[[-7.625,-2.093],[-1.373,0.335],[-3.783,0.923],[-0.62,0.831],[0.125,1.162],[6.206,1.099],[3.521,-1.636]],"o":[[1.364,0.375],[3.783,-0.922],[0.985,-0.24],[0.688,-0.922],[-0.609,-5.641],[-3.712,-0.658],[-6.422,2.984]],"v":[[-5.627,11.007],[-1.451,10.711],[9.897,7.943],[12.564,6.581],[13.059,3.207],[6.444,-10.515],[-5.6,-9.746]],"c":true},"ix":2},"nm":"Path 1","mn":"ADBE Vector Shape - Group","hd":false},{"ty":"fl","c":{"a":0,"k":[1,0.589999988032,0.623000021542,1],"ix":4},"o":{"a":0,"k":100,"ix":5},"r":1,"bm":0,"nm":"Fill 1","mn":"ADBE Vector Graphic - Fill","hd":false},{"ty":"tr","p":{"a":0,"k":[30.951,11.632],"ix":2},"a":{"a":0,"k":[0,0],"ix":1},"s":{"a":0,"k":[100,100],"ix":3},"r":{"a":0,"k":0,"ix":6},"o":{"a":0,"k":100,"ix":7},"sk":{"a":0,"k":0,"ix":4},"sa":{"a":0,"k":0,"ix":5},"nm":"Transform"}],"nm":"Group 1","np":2,"cix":2,"bm":0,"ix":1,"mn":"ADBE Vector Group","hd":false},{"ty":"gr","it":[{"ind":0,"ty":"sh","ix":1,"ks":{"a":0,"k":{"i":[[0,0],[1.282,-8.365],[-2.069,-2.774],[-1.313,-2.634],[2.42,-2.912],[2.665,-2.669],[-2.301,-8.692],[-1.834,-1.863],[-3.026,-1.4],[-0.977,-3.3],[0.339,-2.81],[-2.62,-4.121],[-4.731,-0.294],[-8.137,-0.578],[-5.013,-0.717],[-2.945,1.752],[-0.697,2.601],[-0.453,3.053],[-1.759,3.425],[2.42,5.832],[0.545,6.005],[-0.686,4.687],[9.193,2.946],[3.884,2.843],[1.168,2.043],[2.227,4.847],[4.563,2.497],[3.243,-4.177]],"o":[[-5.442,6.288],[-0.532,3.472],[1.747,2.343],[1.705,3.419],[-2.42,2.913],[-6.236,6.245],[0.68,2.574],[2.373,2.409],[3.026,1.401],[0.8,2.706],[-0.594,4.906],[2.62,4.12],[8.142,0.507],[5.047,0.358],[3.358,0.479],[2.249,-1.337],[0.798,-2.977],[0.569,-3.839],[2.876,-5.603],[-2.297,-5.536],[-0.43,-4.72],[1.453,-9.917],[-4.535,-1.452],[-1.866,-1.367],[-2.64,-4.616],[-2.227,-4.848],[-4.563,-2.497],[0,0]],"v":[[-24.706,-59.979],[-37.109,-38.539],[-35.218,-28.481],[-29.341,-22.086],[-31.529,-11.449],[-39.859,-3.843],[-46.405,21.003],[-42.776,27.955],[-34.085,32.834],[-26.994,39.623],[-27.332,48.034],[-24.4,62.232],[-12.639,69.593],[10.952,63.728],[25.508,68.032],[35.316,66.052],[40.248,60.065],[40.518,50.834],[45.552,40.521],[46.286,22.108],[38.853,5.915],[41.307,-8.006],[27.232,-31.396],[13.669,-35.543],[9.233,-40.906],[2.773,-55.544],[-7.081,-67.603],[-21.207,-65.52]],"c":false},"ix":2},"nm":"Path 1","mn":"ADBE Vector Shape - Group","hd":false},{"ty":"fl","c":{"a":0,"k":[0.176000004189,0.112000005385,0.135000011968,1],"ix":4},"o":{"a":0,"k":100,"ix":5},"r":1,"bm":0,"nm":"Fill 1","mn":"ADBE Vector Graphic - Fill","hd":false},{"ty":"tr","p":{"a":0,"k":[48.956,84.619],"ix":2},"a":{"a":0,"k":[0,0],"ix":1},"s":{"a":0,"k":[100,100],"ix":3},"r":{"a":0,"k":0,"ix":6},"o":{"a":0,"k":100,"ix":7},"sk":{"a":0,"k":0,"ix":4},"sa":{"a":0,"k":0,"ix":5},"nm":"Transform"}],"nm":"Group 2","np":2,"cix":2,"bm":0,"ix":2,"mn":"ADBE Vector Group","hd":false}],"ip":0,"op":1592,"st":0,"bm":0}]}],"layers":[{"ddd":0,"ind":1,"ty":4,"nm":"Shape Layer 1","td":1,"sr":1,"ks":{"o":{"a":0,"k":100,"ix":11},"r":{"a":0,"k":0,"ix":10},"p":{"a":0,"k":[284,284,0],"ix":2,"l":2},"a":{"a":0,"k":[0,0,0],"ix":1,"l":2},"s":{"a":0,"k":[100,100,100],"ix":6,"l":2}},"ao":0,"shapes":[{"ty":"gr","it":[{"ind":0,"ty":"sh","ix":1,"ks":{"a":0,"k":{"i":[[31.85,116.785],[0,0],[0,0],[0,0],[0,0],[48.837,0],[98.736,0]],"o":[[-50.961,0],[0,0],[0,0],[0,0],[0,0],[-18.049,77.503],[-84.935,0]],"v":[[-212.867,69.54],[-295.679,71.664],[-295.679,301.877],[294.617,303.877],[294.617,104.576],[189.51,104.576],[-12.209,248.964]],"c":true},"ix":2},"nm":"Path 1","mn":"ADBE Vector Shape - Group","hd":false},{"ty":"st","c":{"a":0,"k":[0,0,0,1],"ix":3},"o":{"a":0,"k":100,"ix":4},"w":{"a":0,"k":0,"ix":5},"lc":1,"lj":1,"ml":4,"bm":0,"nm":"Stroke 1","mn":"ADBE Vector Graphic - Stroke","hd":false},{"ty":"fl","c":{"a":0,"k":[0.603921987496,0.788234994926,0.925490016563,1],"ix":4},"o":{"a":0,"k":100,"ix":5},"r":1,"bm":0,"nm":"Fill 1","mn":"ADBE Vector Graphic - Fill","hd":false},{"ty":"tr","p":{"a":0,"k":[0,0],"ix":2},"a":{"a":0,"k":[0,0],"ix":1},"s":{"a":0,"k":[100,100],"ix":3},"r":{"a":0,"k":0,"ix":6},"o":{"a":0,"k":100,"ix":7},"sk":{"a":0,"k":0,"ix":4},"sa":{"a":0,"k":0,"ix":5},"nm":"Transform"}],"nm":"Shape 1","np":3,"cix":2,"bm":0,"ix":1,"mn":"ADBE Vector Group","hd":false}],"ip":0,"op":1592,"st":0,"bm":0},{"ddd":0,"ind":2,"ty":0,"nm":"Avatar 2","tt":2,"refId":"comp_0","sr":1,"ks":{"o":{"a":0,"k":100,"ix":11},"r":{"a":0,"k":0,"ix":10},"p":{"a":1,"k":[{"i":{"x":0.35,"y":1},"o":{"x":0.65,"y":0},"t":0,"s":[284,818,0],"to":[0,-89,0],"ti":[0,89,0]},{"t":17,"s":[284,284,0]}],"ix":2,"l":2},"a":{"a":0,"k":[500,500,0],"ix":1,"l":2},"s":{"a":0,"k":[100,100,100],"ix":6,"l":2}},"ao":0,"w":1000,"h":1000,"ip":0,"op":1592,"st":0,"bm":0},{"ddd":0,"ind":3,"ty":4,"nm":"Circle","sr":1,"ks":{"o":{"a":0,"k":100,"ix":11},"r":{"a":0,"k":0,"ix":10},"p":{"a":0,"k":[275.983,325.136,0],"ix":2,"l":2},"a":{"a":0,"k":[206.6,206.6,0],"ix":1,"l":2},"s":{"a":0,"k":[100,100,100],"ix":6,"l":2}},"ao":0,"shapes":[{"ty":"gr","it":[{"ind":0,"ty":"sh","ix":1,"ks":{"a":0,"k":{"i":[[0,-113.964],[113.963,0],[0,113.963],[-113.963,0]],"o":[[0,113.963],[-113.963,0],[0,-113.964],[113.963,0]],"v":[[206.35,0],[0,206.35],[-206.35,0],[0,-206.35]],"c":true},"ix":2},"nm":"Path 1","mn":"ADBE Vector Shape - Group","hd":false},{"ty":"fl","c":{"a":0,"k":[0.987999949736,0.368999974868,0.898000021542,1],"ix":4},"o":{"a":0,"k":100,"ix":5},"r":1,"bm":0,"nm":"Fill 1","mn":"ADBE Vector Graphic - Fill","hd":false},{"ty":"tr","p":{"a":0,"k":[206.6,206.6],"ix":2},"a":{"a":0,"k":[0,0],"ix":1},"s":{"a":0,"k":[100,100],"ix":3},"r":{"a":0,"k":0,"ix":6},"o":{"a":0,"k":100,"ix":7},"sk":{"a":0,"k":0,"ix":4},"sa":{"a":0,"k":0,"ix":5},"nm":"Transform"}],"nm":"Group 1","np":2,"cix":2,"bm":0,"ix":1,"mn":"ADBE Vector Group","hd":false}],"ip":0,"op":1592,"st":0,"bm":0}],"markers":[]}