{"v":"5.7.9","fr":29.9700012207031,"ip":0,"op":50.0000020365418,"w":291,"h":291,"nm":"validación manual 1","ddd":0,"assets":[],"layers":[{"ddd":0,"ind":1,"ty":4,"nm":"Mano y lapicero contornos","sr":1,"ks":{"o":{"a":0,"k":100,"ix":11},"r":{"a":0,"k":0,"ix":10},"p":{"a":1,"k":[{"i":{"x":0.667,"y":1},"o":{"x":0.333,"y":0},"t":0,"s":[126.5,175.5,0],"to":[0.06,-0.429,0],"ti":[-2.257,1.939,0]},{"i":{"x":0.667,"y":1},"o":{"x":0.333,"y":0},"t":15,"s":[131.053,182.181,0],"to":[8.057,-6.922,0],"ti":[-3.19,2.987,0]},{"t":30.0000012219251,"s":[152,155,0]}],"ix":2,"l":2},"a":{"a":0,"k":[145.5,145.5,0],"ix":1,"l":2},"s":{"a":0,"k":[100,100,100],"ix":6,"l":2}},"ao":0,"shapes":[{"ty":"gr","it":[{"ind":0,"ty":"sh","ix":1,"ks":{"a":0,"k":{"i":[[0,0],[2.394,0.979],[2.091,2.754],[0,0],[-3.098,2.465],[-2.402,-1.11],[-3.244,-1.511],[0,0]],"o":[[0,0],[-2.908,-1.189],[-3.667,-4.821],[0,0],[2.071,-1.646],[4.714,2.177],[6.627,3.092],[0,0]],"v":[[23.204,17.204],[-4.943,9.18],[-12.501,1.287],[-21.684,-9.645],[-20.105,-15.222],[-12.382,-16.094],[-0.184,-6.51],[20.915,-5.339]],"c":true},"ix":2},"nm":"Trazado 1","mn":"ADBE Vector Shape - Group","hd":false},{"ty":"fl","c":{"a":0,"k":[0.909803981407,0.556862745098,0.501960784314,1],"ix":4},"o":{"a":0,"k":100,"ix":5},"r":1,"bm":0,"nm":"Relleno 1","mn":"ADBE Vector Graphic - Fill","hd":false},{"ty":"tr","p":{"a":0,"k":[139.955,173.704],"ix":2},"a":{"a":0,"k":[0,0],"ix":1},"s":{"a":0,"k":[100,100],"ix":3},"r":{"a":0,"k":0,"ix":6},"o":{"a":0,"k":100,"ix":7},"sk":{"a":0,"k":0,"ix":4},"sa":{"a":0,"k":0,"ix":5},"nm":"Transformar"}],"nm":"Grupo 1","np":4,"cix":2,"bm":0,"ix":1,"mn":"ADBE Vector Group","hd":false},{"ty":"gr","it":[{"ind":0,"ty":"sh","ix":1,"ks":{"a":0,"k":{"i":[[0.584,-0.156],[0.355,1.348],[-0.577,0.153],[-0.352,-1.343]],"o":[[-0.584,0.157],[-0.358,-1.339],[0.584,-0.157],[0.361,1.344]],"v":[[0.644,2.433],[-1.053,0.278],[-0.647,-2.433],[1.051,-0.278]],"c":true},"ix":2},"nm":"Trazado 1","mn":"ADBE Vector Shape - Group","hd":false},{"ty":"fl","c":{"a":0,"k":[0,0.713725490196,0.509803921569,1],"ix":4},"o":{"a":0,"k":100,"ix":5},"r":1,"bm":0,"nm":"Relleno 1","mn":"ADBE Vector Graphic - Fill","hd":false},{"ty":"tr","p":{"a":0,"k":[193.749,142.31],"ix":2},"a":{"a":0,"k":[0,0],"ix":1},"s":{"a":0,"k":[100,100],"ix":3},"r":{"a":0,"k":0,"ix":6},"o":{"a":0,"k":100,"ix":7},"sk":{"a":0,"k":0,"ix":4},"sa":{"a":0,"k":0,"ix":5},"nm":"Transformar"}],"nm":"Grupo 2","np":4,"cix":2,"bm":0,"ix":2,"mn":"ADBE Vector Group","hd":false},{"ty":"gr","it":[{"ind":0,"ty":"sh","ix":1,"ks":{"a":0,"k":{"i":[[0.733,2.749],[-2.819,0.751],[-9.475,-0.591],[-0.293,-1.325],[1.468,-1.236],[9.093,-2.411]],"o":[[-0.727,-2.752],[9.09,-2.415],[1.888,0.338],[0.401,1.294],[-7.94,5.212],[-2.814,0.748]],"v":[[-24.382,5.137],[-22.844,-2.721],[22.144,-11.354],[25.005,-7.975],[24.195,-3.622],[-19.15,11.197]],"c":true},"ix":2},"nm":"Trazado 1","mn":"ADBE Vector Shape - Group","hd":false},{"ty":"fl","c":{"a":0,"k":[0,0.768627510819,0.549019607843,1],"ix":4},"o":{"a":0,"k":100,"ix":5},"r":1,"bm":0,"nm":"Relleno 1","mn":"ADBE Vector Graphic - Fill","hd":false},{"ty":"tr","p":{"a":0,"k":[169.528,150.079],"ix":2},"a":{"a":0,"k":[0,0],"ix":1},"s":{"a":0,"k":[100,100],"ix":3},"r":{"a":0,"k":0,"ix":6},"o":{"a":0,"k":100,"ix":7},"sk":{"a":0,"k":0,"ix":4},"sa":{"a":0,"k":0,"ix":5},"nm":"Transformar"}],"nm":"Grupo 3","np":4,"cix":2,"bm":0,"ix":3,"mn":"ADBE Vector Group","hd":false},{"ty":"gr","it":[{"ind":0,"ty":"sh","ix":1,"ks":{"a":0,"k":{"i":[[0.362,1.509],[-0.047,1.364],[6.653,-4.366],[-0.456,-1.7],[-0.981,-0.568],[-7.624,2.022]],"o":[[-0.437,-1.487],[-7.624,2.022],[-0.564,0.978],[0.448,1.698],[7.946,0.492],[-0.726,-1.167]],"v":[[18.904,-3.897],[17.782,-9.843],[-19.65,2.869],[-20.432,6.548],[-17.923,9.351],[20.888,1.828]],"c":true},"ix":2},"nm":"Trazado 1","mn":"ADBE Vector Shape - Group","hd":false},{"ty":"fl","c":{"a":0,"k":[0.364705882353,0.431372578939,0.709803921569,1],"ix":4},"o":{"a":0,"k":100,"ix":5},"r":1,"bm":0,"nm":"Relleno 1","mn":"ADBE Vector Graphic - Fill","hd":false},{"ty":"tr","p":{"a":0,"k":[129.467,158.253],"ix":2},"a":{"a":0,"k":[0,0],"ix":1},"s":{"a":0,"k":[100,100],"ix":3},"r":{"a":0,"k":0,"ix":6},"o":{"a":0,"k":100,"ix":7},"sk":{"a":0,"k":0,"ix":4},"sa":{"a":0,"k":0,"ix":5},"nm":"Transformar"}],"nm":"Grupo 4","np":4,"cix":2,"bm":0,"ix":4,"mn":"ADBE Vector Group","hd":false},{"ty":"gr","it":[{"ind":0,"ty":"sh","ix":1,"ks":{"a":0,"k":{"i":[[0,0],[1.94,0.204],[0.287,1.087],[-1.798,1.291],[-1.379,0.529]],"o":[[-1.453,0.226],[-2.197,-0.228],[-0.288,-1.087],[1.587,-1.138],[0,0]],"v":[[4.277,2.886],[-0.994,3.171],[-3.989,1.728],[-2.103,-1.009],[2.62,-3.375]],"c":true},"ix":2},"nm":"Trazado 1","mn":"ADBE Vector Shape - Group","hd":false},{"ty":"fl","c":{"a":0,"k":[0.078431372549,0.20000001496,0.705882352941,1],"ix":4},"o":{"a":0,"k":100,"ix":5},"r":1,"bm":0,"nm":"Relleno 1","mn":"ADBE Vector Graphic - Fill","hd":false},{"ty":"tr","p":{"a":0,"k":[109.58,163.987],"ix":2},"a":{"a":0,"k":[0,0],"ix":1},"s":{"a":0,"k":[100,100],"ix":3},"r":{"a":0,"k":0,"ix":6},"o":{"a":0,"k":100,"ix":7},"sk":{"a":0,"k":0,"ix":4},"sa":{"a":0,"k":0,"ix":5},"nm":"Transformar"}],"nm":"Grupo 5","np":4,"cix":2,"bm":0,"ix":5,"mn":"ADBE Vector Group","hd":false},{"ty":"gr","it":[{"ind":0,"ty":"sh","ix":1,"ks":{"a":0,"k":{"i":[[0,0],[0.114,0.448],[-0.96,0.252]],"o":[[-0.961,0.252],[-0.12,-0.443],[0,0]],"v":[[1.037,0.681],[-0.917,0.336],[0.609,-0.933]],"c":true},"ix":2},"nm":"Trazado 1","mn":"ADBE Vector Shape - Group","hd":false},{"ty":"fl","c":{"a":0,"k":[0.062745098039,0.164705882353,0.592156862745,1],"ix":4},"o":{"a":0,"k":100,"ix":5},"r":1,"bm":0,"nm":"Relleno 1","mn":"ADBE Vector Graphic - Fill","hd":false},{"ty":"tr","p":{"a":0,"k":[105.185,165.725],"ix":2},"a":{"a":0,"k":[0,0],"ix":1},"s":{"a":0,"k":[100,100],"ix":3},"r":{"a":0,"k":0,"ix":6},"o":{"a":0,"k":100,"ix":7},"sk":{"a":0,"k":0,"ix":4},"sa":{"a":0,"k":0,"ix":5},"nm":"Transformar"}],"nm":"Grupo 6","np":4,"cix":2,"bm":0,"ix":6,"mn":"ADBE Vector Group","hd":false},{"ty":"gr","it":[{"ind":0,"ty":"sh","ix":1,"ks":{"a":0,"k":{"i":[[0,0],[3.262,-1.208],[8.403,-2.647],[3.472,-0.972],[-6.386,1.782],[-9.082,3.426],[1.136,1.648]],"o":[[0.894,1.743],[-3.814,1.42],[-2.403,0.756],[-3.48,0.968],[6.385,-1.78],[4.629,-1.742],[-1.194,-1.714]],"v":[[14.712,-6.574],[13.932,-2.22],[-10.972,6.56],[-14.013,6.277],[-12.666,7.989],[14.424,-1.402],[15.007,-8.056]],"c":true},"ix":2},"nm":"Trazado 1","mn":"ADBE Vector Shape - Group","hd":false},{"ty":"fl","c":{"a":0,"k":[0.486274539723,0.87450986376,0.772549079446,1],"ix":4},"o":{"a":0,"k":100,"ix":5},"r":1,"bm":0,"nm":"Relleno 1","mn":"ADBE Vector Graphic - Fill","hd":false},{"ty":"tr","p":{"a":0,"k":[172.585,153.906],"ix":2},"a":{"a":0,"k":[0,0],"ix":1},"s":{"a":0,"k":[100,100],"ix":3},"r":{"a":0,"k":0,"ix":6},"o":{"a":0,"k":100,"ix":7},"sk":{"a":0,"k":0,"ix":4},"sa":{"a":0,"k":0,"ix":5},"nm":"Transformar"}],"nm":"Grupo 7","np":4,"cix":2,"bm":0,"ix":7,"mn":"ADBE Vector Group","hd":false},{"ty":"gr","it":[{"ind":0,"ty":"sh","ix":1,"ks":{"a":0,"k":{"i":[[0,0],[0.384,2.419],[-0.513,-1.436]],"o":[[3.383,-1.368],[-0.128,-0.791],[1.338,3.728]],"v":[[-1.691,3.217],[1.3,-2.392],[-0.014,-1.781]],"c":true},"ix":2},"nm":"Trazado 1","mn":"ADBE Vector Shape - Group","hd":false},{"ty":"fl","c":{"a":0,"k":[0.756862804936,0.768627510819,0.772549079446,1],"ix":4},"o":{"a":0,"k":100,"ix":5},"r":1,"bm":0,"nm":"Relleno 1","mn":"ADBE Vector Graphic - Fill","hd":false},{"ty":"tr","p":{"a":0,"k":[188.699,149.295],"ix":2},"a":{"a":0,"k":[0,0],"ix":1},"s":{"a":0,"k":[100,100],"ix":3},"r":{"a":0,"k":0,"ix":6},"o":{"a":0,"k":100,"ix":7},"sk":{"a":0,"k":0,"ix":4},"sa":{"a":0,"k":0,"ix":5},"nm":"Transformar"}],"nm":"Grupo 8","np":4,"cix":2,"bm":0,"ix":8,"mn":"ADBE Vector Group","hd":false},{"ty":"gr","it":[{"ind":0,"ty":"sh","ix":1,"ks":{"a":0,"k":{"i":[[3.29,-0.702],[-0.164,1.143],[-2.309,0.901],[-0.262,-0.562],[-3.957,1.225],[-2.104,0.85],[1.619,3.647],[4.232,-1.935]],"o":[[-0.863,0.23],[0.162,-1.144],[2.309,-0.901],[0.266,0.568],[3.958,-1.225],[2.199,-0.886],[0.897,2.237],[-4.231,1.926]],"v":[[-15.416,7.623],[-17.481,7.477],[-14.608,4.34],[-12.081,4.708],[-7.763,3.971],[14.548,-4.047],[14.634,-8.62],[13.413,-2.169]],"c":true},"ix":2},"nm":"Trazado 1","mn":"ADBE Vector Shape - Group","hd":false},{"ty":"fl","c":{"a":0,"k":[0.003921568627,0.819607902976,0.588235294118,1],"ix":4},"o":{"a":0,"k":100,"ix":5},"r":1,"bm":0,"nm":"Relleno 1","mn":"ADBE Vector Graphic - Fill","hd":false},{"ty":"tr","p":{"a":0,"k":[172.955,154.486],"ix":2},"a":{"a":0,"k":[0,0],"ix":1},"s":{"a":0,"k":[100,100],"ix":3},"r":{"a":0,"k":0,"ix":6},"o":{"a":0,"k":100,"ix":7},"sk":{"a":0,"k":0,"ix":4},"sa":{"a":0,"k":0,"ix":5},"nm":"Transformar"}],"nm":"Grupo 9","np":4,"cix":2,"bm":0,"ix":9,"mn":"ADBE Vector Group","hd":false},{"ty":"gr","it":[{"ind":0,"ty":"sh","ix":1,"ks":{"a":0,"k":{"i":[[-1.533,6.403],[1.376,1.257],[1.436,3.916],[0.101,0.395],[0,0],[-3.671,-4.825],[-2.908,-1.189],[-3.369,-0.965]],"o":[[0.167,-0.702],[-2.922,-2.674],[-0.31,-0.838],[-2.781,2.432],[0,0],[2.094,2.76],[0.691,0.281],[-4.125,-1.869]],"v":[[2.116,1.912],[-2.594,-2.719],[-10.004,-11.246],[-10.167,-13.119],[-11.524,-7.734],[-2.341,3.199],[5.216,11.092],[11.888,13.119]],"c":true},"ix":2},"nm":"Trazado 1","mn":"ADBE Vector Shape - Group","hd":false},{"ty":"fl","c":{"a":0,"k":[0.964705942191,0.674509803922,0.756862804936,1],"ix":4},"o":{"a":0,"k":100,"ix":5},"r":1,"bm":0,"nm":"Relleno 1","mn":"ADBE Vector Graphic - Fill","hd":false},{"ty":"tr","p":{"a":0,"k":[129.784,171.8],"ix":2},"a":{"a":0,"k":[0,0],"ix":1},"s":{"a":0,"k":[100,100],"ix":3},"r":{"a":0,"k":0,"ix":6},"o":{"a":0,"k":100,"ix":7},"sk":{"a":0,"k":0,"ix":4},"sa":{"a":0,"k":0,"ix":5},"nm":"Transformar"}],"nm":"Grupo 10","np":4,"cix":2,"bm":0,"ix":10,"mn":"ADBE Vector Group","hd":false},{"ty":"gr","it":[{"ind":0,"ty":"sh","ix":1,"ks":{"a":0,"k":{"i":[[6.576,7.541],[5.708,0.847],[6.407,-0.924],[5.643,0.697],[-6.628,-1.737],[-5.861,-5.293],[-5.3,-6.254],[0,0],[0,0]],"o":[[-7.831,-8.982],[-5.71,-0.846],[-5.167,0.74],[5.009,1.377],[9.39,2.455],[4.678,0.284],[5.3,6.253],[0,0],[-11.049,-12.647]],"v":[[2.942,-28.902],[-15.662,-40.025],[-32.208,-38.479],[-55.526,-39.82],[-36.67,-34.746],[-15.662,-22.59],[22.477,34.617],[46.731,37.475],[55.526,31.294]],"c":true},"ix":2},"nm":"Trazado 1","mn":"ADBE Vector Shape - Group","hd":false},{"ty":"fl","c":{"a":0,"k":[0.909803981407,0.556862745098,0.501960784314,1],"ix":4},"o":{"a":0,"k":100,"ix":5},"r":1,"bm":0,"nm":"Relleno 1","mn":"ADBE Vector Graphic - Fill","hd":false},{"ty":"tr","p":{"a":0,"k":[204.523,226.883],"ix":2},"a":{"a":0,"k":[0,0],"ix":1},"s":{"a":0,"k":[100,100],"ix":3},"r":{"a":0,"k":0,"ix":6},"o":{"a":0,"k":100,"ix":7},"sk":{"a":0,"k":0,"ix":4},"sa":{"a":0,"k":0,"ix":5},"nm":"Transformar"}],"nm":"Grupo 11","np":4,"cix":2,"bm":0,"ix":11,"mn":"ADBE Vector Group","hd":false},{"ty":"gr","it":[{"ind":0,"ty":"sh","ix":1,"ks":{"a":0,"k":{"i":[[0,0],[0,0],[0,0],[0,0]],"o":[[0,0],[0,0],[0,0],[0,0]],"v":[[-4.554,-0.003],[4.446,0.997],[4.555,0.003],[-4.445,-0.997]],"c":true},"ix":2},"nm":"Trazado 1","mn":"ADBE Vector Shape - Group","hd":false},{"ind":1,"ty":"sh","ix":2,"ks":{"a":0,"k":{"i":[[0,0],[-0.031,0.275],[0.276,0.031]],"o":[[0.273,0.03],[0.03,-0.274],[0,0]],"v":[[4.446,0.997],[4.997,0.555],[4.555,0.003]],"c":true},"ix":2},"nm":"Trazado 2","mn":"ADBE Vector Shape - Group","hd":false},{"ind":2,"ty":"sh","ix":3,"ks":{"a":0,"k":{"i":[[0,0],[0.031,-0.275],[-0.275,-0.031]],"o":[[-0.273,-0.03],[-0.031,0.274],[0,0]],"v":[[-4.445,-0.997],[-4.996,-0.555],[-4.554,-0.003]],"c":true},"ix":2},"nm":"Trazado 3","mn":"ADBE Vector Shape - Group","hd":false},{"ty":"mm","mm":1,"nm":"Combinar trazados 1","mn":"ADBE Vector Filter - Merge","hd":false},{"ty":"fl","c":{"a":0,"k":[0.078431372549,0.20000001496,0.705882352941,1],"ix":4},"o":{"a":0,"k":100,"ix":5},"r":1,"bm":0,"nm":"Relleno 1","mn":"ADBE Vector Graphic - Fill","hd":false},{"ty":"tr","p":{"a":0,"k":[154.5,129.5],"ix":2},"a":{"a":0,"k":[0,0],"ix":1},"s":{"a":0,"k":[100,100],"ix":3},"r":{"a":0,"k":0,"ix":6},"o":{"a":0,"k":100,"ix":7},"sk":{"a":0,"k":0,"ix":4},"sa":{"a":0,"k":0,"ix":5},"nm":"Transformar"}],"nm":"Grupo 12","np":7,"cix":2,"bm":0,"ix":12,"mn":"ADBE Vector Group","hd":false},{"ty":"gr","it":[{"ind":0,"ty":"sh","ix":1,"ks":{"a":0,"k":{"i":[[0,0],[0,0],[0,0],[0,0]],"o":[[0,0],[0,0],[0,0],[0,0]],"v":[[-10.03,-4.767],[12.47,-2.767],[12.558,-3.763],[-9.942,-5.763]],"c":true},"ix":2},"nm":"Trazado 1","mn":"ADBE Vector Shape - Group","hd":false},{"ind":1,"ty":"sh","ix":2,"ks":{"a":0,"k":{"i":[[0,0],[0,0],[0,0],[0,0]],"o":[[0,0],[0,0],[0,0],[0,0]],"v":[[-12,5.351],[-9.5,-5.149],[-10.472,-5.381],[-12.972,5.119]],"c":true},"ix":2},"nm":"Trazado 2","mn":"ADBE Vector Shape - Group","hd":false},{"ind":2,"ty":"sh","ix":3,"ks":{"a":0,"k":{"i":[[0,0],[0,0],[0.057,-0.241]],"o":[[0,0],[-0.247,-0.022],[0,0]],"v":[[-9.986,-5.265],[-9.942,-5.763],[-10.472,-5.381]],"c":true},"ix":2},"nm":"Trazado 3","mn":"ADBE Vector Shape - Group","hd":false},{"ind":3,"ty":"sh","ix":4,"ks":{"a":0,"k":{"i":[[0,0],[-0.024,0.276],[0.275,0.024]],"o":[[0.275,0.024],[0.024,-0.274],[0,0]],"v":[[12.47,-2.767],[13.012,-3.222],[12.558,-3.763]],"c":true},"ix":2},"nm":"Trazado 4","mn":"ADBE Vector Shape - Group","hd":false},{"ind":4,"ty":"sh","ix":5,"ks":{"a":0,"k":{"i":[[0,0],[-0.268,-0.064],[-0.064,0.268]],"o":[[-0.064,0.269],[0.269,0.064],[0,0]],"v":[[-12.972,5.119],[-12.602,5.721],[-12,5.351]],"c":true},"ix":2},"nm":"Trazado 5","mn":"ADBE Vector Shape - Group","hd":false},{"ty":"mm","mm":1,"nm":"Combinar trazados 1","mn":"ADBE Vector Filter - Merge","hd":false},{"ty":"fl","c":{"a":0,"k":[0.078431372549,0.20000001496,0.705882352941,1],"ix":4},"o":{"a":0,"k":100,"ix":5},"r":1,"bm":0,"nm":"Relleno 1","mn":"ADBE Vector Graphic - Fill","hd":false},{"ty":"tr","p":{"a":0,"k":[139.486,149.765],"ix":2},"a":{"a":0,"k":[0,0],"ix":1},"s":{"a":0,"k":[100,100],"ix":3},"r":{"a":0,"k":0,"ix":6},"o":{"a":0,"k":100,"ix":7},"sk":{"a":0,"k":0,"ix":4},"sa":{"a":0,"k":0,"ix":5},"nm":"Transformar"}],"nm":"Grupo 13","np":9,"cix":2,"bm":0,"ix":13,"mn":"ADBE Vector Group","hd":false},{"ty":"gr","it":[{"ind":0,"ty":"sh","ix":1,"ks":{"a":0,"k":{"i":[[0,0],[0,0],[0,0],[0,0]],"o":[[0,0],[0,0],[0,0],[0,0]],"v":[[-7.798,-0.252],[7.702,1.248],[7.798,0.252],[-7.702,-1.248]],"c":true},"ix":2},"nm":"Trazado 1","mn":"ADBE Vector Shape - Group","hd":false},{"ind":1,"ty":"sh","ix":2,"ks":{"a":0,"k":{"i":[[0,0],[-0.027,0.275],[0.275,0.027]],"o":[[0.274,0.026],[0.026,-0.275],[0,0]],"v":[[7.702,1.248],[8.248,0.798],[7.798,0.252]],"c":true},"ix":2},"nm":"Trazado 2","mn":"ADBE Vector Shape - Group","hd":false},{"ind":2,"ty":"sh","ix":3,"ks":{"a":0,"k":{"i":[[0,0],[0.027,-0.275],[-0.275,-0.027]],"o":[[-0.275,-0.026],[-0.026,0.275],[0,0]],"v":[[-7.702,-1.248],[-8.248,-0.798],[-7.798,-0.252]],"c":true},"ix":2},"nm":"Trazado 3","mn":"ADBE Vector Shape - Group","hd":false},{"ty":"mm","mm":1,"nm":"Combinar trazados 1","mn":"ADBE Vector Filter - Merge","hd":false},{"ty":"fl","c":{"a":0,"k":[0.078431372549,0.20000001496,0.705882352941,1],"ix":4},"o":{"a":0,"k":100,"ix":5},"r":1,"bm":0,"nm":"Relleno 1","mn":"ADBE Vector Graphic - Fill","hd":false},{"ty":"tr","p":{"a":0,"k":[149.75,133.25],"ix":2},"a":{"a":0,"k":[0,0],"ix":1},"s":{"a":0,"k":[100,100],"ix":3},"r":{"a":0,"k":0,"ix":6},"o":{"a":0,"k":100,"ix":7},"sk":{"a":0,"k":0,"ix":4},"sa":{"a":0,"k":0,"ix":5},"nm":"Transformar"}],"nm":"Grupo 14","np":7,"cix":2,"bm":0,"ix":14,"mn":"ADBE Vector Group","hd":false},{"ty":"gr","it":[{"ind":0,"ty":"sh","ix":1,"ks":{"a":0,"k":{"i":[[0,0],[0,0],[7.115,5.64],[2.957,2.561],[0,0],[7.792,-5.404],[0,0],[0,0],[-0.605,-9.193],[0,0],[-4.139,0.952],[-0.53,2.935],[0,0],[-7.719,-2.769],[0.812,-7.603],[3.883,0.511],[0,0],[-11.709,-3.066],[-4.68,-0.282],[-5.298,-6.253],[0,0]],"o":[[0,0],[0,0],[-4.212,-3.338],[-7.197,-6.223],[0,0],[-3.49,2.42],[0,0],[0,0],[0.269,4.011],[0,0],[4.147,-0.951],[0.532,-2.932],[0,0],[4.264,1.527],[-0.313,2.925],[-6.121,-0.809],[0,0],[9.391,2.453],[4.68,0.283],[5.3,6.254],[0,0]],"v":[[86.068,46.154],[24.04,-15.577],[10.362,-28.837],[-1.798,-38.984],[-35.151,-65.827],[-48.74,-66.018],[-58.725,-61.012],[-77.122,-60.747],[-84.193,-52.001],[-85.611,-33.717],[-81.93,-27.944],[-73.611,-36.277],[-71.307,-45.885],[-58.383,-42.031],[-48.465,-26.81],[-57.353,-21.609],[-58.559,-7.639],[-33.311,-0.801],[-12.849,0.067],[4.593,11.356],[50.089,71.421]],"c":true},"ix":2},"nm":"Trazado 1","mn":"ADBE Vector Shape - Group","hd":false},{"ty":"fl","c":{"a":0,"k":[0.909803981407,0.556862745098,0.501960784314,1],"ix":4},"o":{"a":0,"k":100,"ix":5},"r":1,"bm":0,"nm":"Relleno 1","mn":"ADBE Vector Graphic - Fill","hd":false},{"ty":"tr","p":{"a":0,"k":[201.16,192.932],"ix":2},"a":{"a":0,"k":[0,0],"ix":1},"s":{"a":0,"k":[100,100],"ix":3},"r":{"a":0,"k":0,"ix":6},"o":{"a":0,"k":100,"ix":7},"sk":{"a":0,"k":0,"ix":4},"sa":{"a":0,"k":0,"ix":5},"nm":"Transformar"}],"nm":"Grupo 15","np":4,"cix":2,"bm":0,"ix":15,"mn":"ADBE Vector Group","hd":false},{"ty":"gr","it":[{"ind":0,"ty":"sh","ix":1,"ks":{"a":0,"k":{"i":[[-0.527,2.057],[-0.733,1.969],[-2.569,1.345],[0,0],[0,0],[1.786,-1.118],[1.532,-6.149],[0.544,-1.586]],"o":[[0.951,-3.852],[0.432,-2.012],[2.562,-1.343],[0,0],[0,0],[-2.91,1.825],[-0.86,3.472],[0.899,-0.667]],"v":[[-7.058,9.12],[-3.606,-4.268],[0.916,-7.689],[8.508,-10.777],[4.734,-11.178],[-2.395,-8.335],[-6.621,2.249],[-8.508,9.348]],"c":true},"ix":2},"nm":"Trazado 1","mn":"ADBE Vector Shape - Group","hd":false},{"ty":"fl","c":{"a":0,"k":[0.078431372549,0.20000001496,0.705882352941,1],"ix":4},"o":{"a":0,"k":100,"ix":5},"r":1,"bm":0,"nm":"Relleno 1","mn":"ADBE Vector Graphic - Fill","hd":false},{"ty":"tr","p":{"a":0,"k":[154.98,162.362],"ix":2},"a":{"a":0,"k":[0,0],"ix":1},"s":{"a":0,"k":[100,100],"ix":3},"r":{"a":0,"k":0,"ix":6},"o":{"a":0,"k":100,"ix":7},"sk":{"a":0,"k":0,"ix":4},"sa":{"a":0,"k":0,"ix":5},"nm":"Transformar"}],"nm":"Grupo 16","np":4,"cix":2,"bm":0,"ix":16,"mn":"ADBE Vector Group","hd":false},{"ty":"gr","it":[{"ind":0,"ty":"sh","ix":1,"ks":{"a":0,"k":{"i":[[-0.21,2.009],[-0.612,2.054],[-2.568,1.345],[0,0],[0,0],[1.787,-1.118],[1.531,-6.148],[0.362,-1.268]],"o":[[0.635,-3.852],[0.432,-2.012],[2.562,-1.344],[0,0],[0,0],[-2.91,1.826],[-0.861,3.472],[0.899,-0.667]],"v":[[-6.679,8.488],[-4.279,-3.722],[0.581,-7.008],[8.174,-10.096],[4.4,-10.496],[-2.729,-7.654],[-6.954,2.928],[-8.174,8.895]],"c":true},"ix":2},"nm":"Trazado 1","mn":"ADBE Vector Shape - Group","hd":false},{"ty":"fl","c":{"a":0,"k":[0.078431372549,0.20000001496,0.705882352941,1],"ix":4},"o":{"a":0,"k":100,"ix":5},"r":1,"bm":0,"nm":"Relleno 1","mn":"ADBE Vector Graphic - Fill","hd":false},{"ty":"tr","p":{"a":0,"k":[145.719,161.681],"ix":2},"a":{"a":0,"k":[0,0],"ix":1},"s":{"a":0,"k":[100,100],"ix":3},"r":{"a":0,"k":0,"ix":6},"o":{"a":0,"k":100,"ix":7},"sk":{"a":0,"k":0,"ix":4},"sa":{"a":0,"k":0,"ix":5},"nm":"Transformar"}],"nm":"Grupo 17","np":4,"cix":2,"bm":0,"ix":17,"mn":"ADBE Vector Group","hd":false},{"ty":"gr","it":[{"ind":0,"ty":"sh","ix":1,"ks":{"a":0,"k":{"i":[[0,0],[0,0],[0,0],[-3.73,-0.302],[0,0],[0,0],[-7.191,2.106],[0,0]],"o":[[0,0],[0,0],[0,0],[5.777,0.477],[0,0],[0,0],[7.19,-2.105],[0,0]],"v":[[7.841,-20.474],[-15.583,-19.605],[-22.467,15.279],[-19.1,19.668],[-10.847,15.863],[-7.552,16.459],[-0.142,18.368],[22.83,-11.335]],"c":true},"ix":2},"nm":"Trazado 1","mn":"ADBE Vector Shape - Group","hd":false},{"ty":"fl","c":{"a":0,"k":[0.909803981407,0.556862745098,0.501960784314,1],"ix":4},"o":{"a":0,"k":100,"ix":5},"r":1,"bm":0,"nm":"Relleno 1","mn":"ADBE Vector Graphic - Fill","hd":false},{"ty":"tr","p":{"a":0,"k":[145.87,162.191],"ix":2},"a":{"a":0,"k":[0,0],"ix":1},"s":{"a":0,"k":[100,100],"ix":3},"r":{"a":0,"k":0,"ix":6},"o":{"a":0,"k":100,"ix":7},"sk":{"a":0,"k":0,"ix":4},"sa":{"a":0,"k":0,"ix":5},"nm":"Transformar"}],"nm":"Grupo 18","np":4,"cix":2,"bm":0,"ix":18,"mn":"ADBE Vector Group","hd":false}],"ip":0,"op":50.0000020365418,"st":0,"bm":0},{"ddd":0,"ind":2,"ty":4,"nm":"Soporte azul contornos","sr":1,"ks":{"o":{"a":0,"k":100,"ix":11},"r":{"a":0,"k":0,"ix":10},"p":{"a":0,"k":[145.5,145.5,0],"ix":2,"l":2},"a":{"a":0,"k":[145.5,145.5,0],"ix":1,"l":2},"s":{"a":0,"k":[100,100,100],"ix":6,"l":2}},"ao":0,"shapes":[{"ty":"gr","it":[{"ind":0,"ty":"sh","ix":1,"ks":{"a":1,"k":[{"i":{"x":0.667,"y":1},"o":{"x":0.333,"y":0},"t":15,"s":[{"i":[[0,0],[0,0],[0,0],[0,0]],"o":[[0,0],[0,0],[0,0],[0,0]],"v":[[-5.229,15.024],[-4.952,14.674],[-9.281,12.033],[-9.309,12.133]],"c":true}]},{"t":30.0000012219251,"s":[{"i":[[0,0],[0,0],[0,0],[0,0]],"o":[[0,0],[0,0],[0,0],[0,0]],"v":[[-5.229,15.024],[13.798,-11.826],[9.719,-14.717],[-9.309,12.133]],"c":true}]}],"ix":2},"nm":"Trazado 1","mn":"ADBE Vector Shape - Group","hd":false},{"ind":1,"ty":"sh","ix":2,"ks":{"a":1,"k":[{"i":{"x":0.833,"y":0.833},"o":{"x":0.167,"y":0.167},"t":0,"s":[{"i":[[0,0],[0,0],[0,0],[0,0]],"o":[[0,0],[0,0],[0,0],[0,0]],"v":[[-13.887,7.397],[-13.867,7.409],[-9.578,4.931],[-9.598,4.829]],"c":true}]},{"t":11.0000004480392,"s":[{"i":[[0,0],[0,0],[0,0],[0,0]],"o":[[0,0],[0,0],[0,0],[0,0]],"v":[[-13.887,7.397],[-9.413,14.864],[-5.124,12.295],[-9.598,4.829]],"c":true}]}],"ix":2},"nm":"Trazado 2","mn":"ADBE Vector Shape - Group","hd":false},{"ind":2,"ty":"sh","ix":3,"ks":{"a":1,"k":[{"i":{"x":0.833,"y":0.833},"o":{"x":0.167,"y":0.167},"t":29,"s":[{"i":[[0,0],[1.126,0.798],[0.798,-1.126]],"o":[[0.798,-1.126],[-1.127,-0.798],[0,0]],"v":[[13.798,-11.826],[11.704,-13.311],[9.719,-14.717]],"c":true}]},{"t":30.0000012219251,"s":[{"i":[[0,0],[1.126,0.798],[0.798,-1.126]],"o":[[0.798,-1.126],[-1.127,-0.798],[0,0]],"v":[[13.798,-11.826],[13.204,-15.311],[9.719,-14.717]],"c":true}]}],"ix":2},"nm":"Trazado 3","mn":"ADBE Vector Shape - Group","hd":false},{"ind":3,"ty":"sh","ix":4,"ks":{"a":1,"k":[{"i":{"x":0.833,"y":0.833},"o":{"x":0.167,"y":0.167},"t":11,"s":[{"i":[[0,0],[0,0],[0.746,0.395],[-0.071,-0.829]],"o":[[0,0],[0.434,0.724],[0.111,-0.019],[0,0]],"v":[[-8.132,13.989],[-9.413,14.864],[-7.274,13.669],[-7.047,13.479]],"c":true}]},{"t":13.0000005295009,"s":[{"i":[[0,0],[0,0],[-0.843,-0.033],[-0.488,0.689]],"o":[[0,0],[0.434,0.724],[0.844,0.031],[0,0]],"v":[[-7.268,13.58],[-9.413,14.864],[-7.365,16.078],[-5.229,15.024]],"c":true}]}],"ix":2},"nm":"Trazado 4","mn":"ADBE Vector Shape - Group","hd":false},{"ind":4,"ty":"sh","ix":5,"ks":{"a":0,"k":{"i":[[0,0],[1.185,-0.71],[-0.709,-1.184]],"o":[[-0.709,-1.186],[-1.184,0.71],[0,0]],"v":[[-9.598,4.829],[-13.027,3.968],[-13.887,7.397]],"c":true},"ix":2},"nm":"Trazado 5","mn":"ADBE Vector Shape - Group","hd":false},{"ty":"mm","mm":1,"nm":"Combinar trazados 1","mn":"ADBE Vector Filter - Merge","hd":false},{"ty":"fl","c":{"a":0,"k":[1,0.819607902976,0.325490196078,1],"ix":4},"o":{"a":0,"k":100,"ix":5},"r":1,"bm":0,"nm":"Relleno 1","mn":"ADBE Vector Graphic - Fill","hd":false},{"ty":"tr","p":{"a":0,"k":[97.572,189.305],"ix":2},"a":{"a":0,"k":[0,0],"ix":1},"s":{"a":0,"k":[100,100],"ix":3},"r":{"a":0,"k":0,"ix":6},"o":{"a":0,"k":100,"ix":7},"sk":{"a":0,"k":0,"ix":4},"sa":{"a":0,"k":0,"ix":5},"nm":"Transformar"}],"nm":"Grupo 1","np":9,"cix":2,"bm":0,"ix":1,"mn":"ADBE Vector Group","hd":false},{"ty":"gr","it":[{"ind":0,"ty":"sh","ix":1,"ks":{"a":0,"k":{"i":[[0,0],[0,0],[0,0],[0,0]],"o":[[0,0],[0,0],[0,0],[0,0]],"v":[[-5.229,15.024],[13.798,-11.826],[9.718,-14.717],[-9.309,12.133]],"c":true},"ix":2},"nm":"Trazado 1","mn":"ADBE Vector Shape - Group","hd":false},{"ind":1,"ty":"sh","ix":2,"ks":{"a":0,"k":{"i":[[0,0],[0,0],[0,0],[0,0]],"o":[[0,0],[0,0],[0,0],[0,0]],"v":[[-13.887,7.397],[-9.413,14.864],[-5.124,12.295],[-9.598,4.827]],"c":true},"ix":2},"nm":"Trazado 2","mn":"ADBE Vector Shape - Group","hd":false},{"ind":2,"ty":"sh","ix":3,"ks":{"a":0,"k":{"i":[[0,0],[1.126,0.798],[0.799,-1.126]],"o":[[0.798,-1.127],[-1.127,-0.798],[0,0]],"v":[[13.798,-11.826],[13.204,-15.311],[9.718,-14.717]],"c":true},"ix":2},"nm":"Trazado 3","mn":"ADBE Vector Shape - Group","hd":false},{"ind":3,"ty":"sh","ix":4,"ks":{"a":0,"k":{"i":[[0,0],[0,0],[-0.843,-0.032],[-0.488,0.689]],"o":[[0,0],[0.434,0.724],[0.844,0.032],[0,0]],"v":[[-7.268,13.579],[-9.413,14.864],[-7.365,16.077],[-5.229,15.024]],"c":true},"ix":2},"nm":"Trazado 4","mn":"ADBE Vector Shape - Group","hd":false},{"ind":4,"ty":"sh","ix":5,"ks":{"a":0,"k":{"i":[[0,0],[1.185,-0.71],[-0.709,-1.184]],"o":[[-0.709,-1.184],[-1.184,0.709],[0,0]],"v":[[-9.598,4.827],[-13.027,3.968],[-13.887,7.397]],"c":true},"ix":2},"nm":"Trazado 5","mn":"ADBE Vector Shape - Group","hd":false},{"ty":"mm","mm":1,"nm":"Combinar trazados 1","mn":"ADBE Vector Filter - Merge","hd":false},{"ty":"fl","c":{"a":0,"k":[1,0.819607902976,0.325490196078,1],"ix":4},"o":{"a":0,"k":100,"ix":5},"r":1,"bm":0,"nm":"Relleno 1","mn":"ADBE Vector Graphic - Fill","hd":false},{"ty":"tr","p":{"a":0,"k":[90.623,148.967],"ix":2},"a":{"a":0,"k":[0,0],"ix":1},"s":{"a":0,"k":[100,100],"ix":3},"r":{"a":0,"k":0,"ix":6},"o":{"a":0,"k":100,"ix":7},"sk":{"a":0,"k":0,"ix":4},"sa":{"a":0,"k":0,"ix":5},"nm":"Transformar"}],"nm":"Grupo 2","np":9,"cix":2,"bm":0,"ix":2,"mn":"ADBE Vector Group","hd":false},{"ty":"gr","it":[{"ind":0,"ty":"sh","ix":1,"ks":{"a":0,"k":{"i":[[0,0],[0,0],[0,0],[0,0]],"o":[[0,0],[0,0],[0,0],[0,0]],"v":[[-5.229,15.024],[13.798,-11.826],[9.718,-14.717],[-9.309,12.133]],"c":true},"ix":2},"nm":"Trazado 1","mn":"ADBE Vector Shape - Group","hd":false},{"ind":1,"ty":"sh","ix":2,"ks":{"a":0,"k":{"i":[[0,0],[0,0],[0,0],[0,0]],"o":[[0,0],[0,0],[0,0],[0,0]],"v":[[-13.887,7.397],[-9.413,14.863],[-5.124,12.294],[-9.596,4.827]],"c":true},"ix":2},"nm":"Trazado 2","mn":"ADBE Vector Shape - Group","hd":false},{"ind":2,"ty":"sh","ix":3,"ks":{"a":0,"k":{"i":[[0,0],[1.126,0.798],[0.799,-1.126]],"o":[[0.798,-1.127],[-1.127,-0.799],[0,0]],"v":[[13.798,-11.826],[13.204,-15.311],[9.718,-14.717]],"c":true},"ix":2},"nm":"Trazado 3","mn":"ADBE Vector Shape - Group","hd":false},{"ind":3,"ty":"sh","ix":4,"ks":{"a":0,"k":{"i":[[0,0],[0,0],[-0.844,-0.033],[-0.488,0.689]],"o":[[0,0],[0.434,0.725],[0.843,0.032],[0,0]],"v":[[-7.268,13.579],[-9.413,14.863],[-7.363,16.077],[-5.229,15.024]],"c":true},"ix":2},"nm":"Trazado 4","mn":"ADBE Vector Shape - Group","hd":false},{"ind":4,"ty":"sh","ix":5,"ks":{"a":0,"k":{"i":[[0,0],[1.185,-0.71],[-0.709,-1.184]],"o":[[-0.71,-1.184],[-1.184,0.709],[0,0]],"v":[[-9.596,4.827],[-13.027,3.968],[-13.887,7.397]],"c":true},"ix":2},"nm":"Trazado 5","mn":"ADBE Vector Shape - Group","hd":false},{"ty":"mm","mm":1,"nm":"Combinar trazados 1","mn":"ADBE Vector Filter - Merge","hd":false},{"ty":"fl","c":{"a":0,"k":[1,0.819607902976,0.325490196078,1],"ix":4},"o":{"a":0,"k":100,"ix":5},"r":1,"bm":0,"nm":"Relleno 1","mn":"ADBE Vector Graphic - Fill","hd":false},{"ty":"tr","p":{"a":0,"k":[83.675,108.628],"ix":2},"a":{"a":0,"k":[0,0],"ix":1},"s":{"a":0,"k":[100,100],"ix":3},"r":{"a":0,"k":0,"ix":6},"o":{"a":0,"k":100,"ix":7},"sk":{"a":0,"k":0,"ix":4},"sa":{"a":0,"k":0,"ix":5},"nm":"Transformar"}],"nm":"Grupo 3","np":9,"cix":2,"bm":0,"ix":3,"mn":"ADBE Vector Group","hd":false},{"ty":"gr","it":[{"ind":0,"ty":"sh","ix":1,"ks":{"a":0,"k":{"i":[[-1.055,-6.528],[6.529,-1.056],[1.055,6.529],[0,0]],"o":[[-6.529,1.057],[-1.055,-6.529],[0,0],[1.056,6.528]],"v":[[11.373,8.21],[-8.214,11.375],[-11.378,-8.212],[8.208,-11.376]],"c":true},"ix":2},"nm":"Trazado 1","mn":"ADBE Vector Shape - Group","hd":false},{"ind":1,"ty":"sh","ix":2,"ks":{"a":0,"k":{"i":[[0.618,-0.099],[7.289,-1.177],[-0.1,-0.618],[-1.177,-7.29],[-0.618,0.101],[-7.289,1.178],[-0.151,0.212],[-0.011,0.016],[-0.005,0.008],[0.055,0.338],[1.177,7.29]],"o":[[-7.288,1.177],[-0.616,0.099],[1.177,7.288],[0.099,0.615],[7.287,-1.177],[0.335,-0.054],[0.011,-0.014],[0.005,-0.01],[0.155,-0.214],[-1.178,-7.288],[-0.101,-0.615]],"v":[[8.98,-13.837],[-12.884,-10.305],[-13.839,-8.981],[-10.307,12.883],[-8.983,13.837],[12.881,10.305],[13.602,9.877],[13.635,9.834],[13.653,9.809],[13.836,8.982],[10.304,-12.883]],"c":true},"ix":2},"nm":"Trazado 2","mn":"ADBE Vector Shape - Group","hd":false},{"ty":"mm","mm":1,"nm":"Combinar trazados 1","mn":"ADBE Vector Filter - Merge","hd":false},{"ty":"fl","c":{"a":0,"k":[0.701960784314,0.741176470588,0.898039275525,1],"ix":4},"o":{"a":0,"k":100,"ix":5},"r":1,"bm":0,"nm":"Relleno 1","mn":"ADBE Vector Graphic - Fill","hd":false},{"ty":"tr","p":{"a":0,"k":[90.12,198.533],"ix":2},"a":{"a":0,"k":[0,0],"ix":1},"s":{"a":0,"k":[100,100],"ix":3},"r":{"a":0,"k":0,"ix":6},"o":{"a":0,"k":100,"ix":7},"sk":{"a":0,"k":0,"ix":4},"sa":{"a":0,"k":0,"ix":5},"nm":"Transformar"}],"nm":"Grupo 4","np":6,"cix":2,"bm":0,"ix":4,"mn":"ADBE Vector Group","hd":false},{"ty":"gr","it":[{"ind":0,"ty":"sh","ix":1,"ks":{"a":0,"k":{"i":[[-1.054,-6.529],[6.529,-1.055],[1.055,6.529],[-6.528,1.056]],"o":[[-6.529,1.055],[-1.055,-6.528],[6.529,-1.056],[1.056,6.531]],"v":[[11.373,8.21],[-8.214,11.374],[-11.378,-8.212],[8.208,-11.377]],"c":true},"ix":2},"nm":"Trazado 1","mn":"ADBE Vector Shape - Group","hd":false},{"ind":1,"ty":"sh","ix":2,"ks":{"a":0,"k":{"i":[[0.618,-0.1],[7.289,-1.177],[-0.1,-0.617],[-1.177,-7.29],[-0.618,0.1],[-7.289,1.177],[-0.151,0.213],[-0.011,0.015],[-0.006,0.01],[0.056,0.338],[1.177,7.289]],"o":[[-7.288,1.177],[-0.616,0.1],[1.177,7.288],[0.099,0.615],[7.287,-1.177],[0.335,-0.055],[0.011,-0.013],[0.005,-0.009],[0.155,-0.212],[-1.177,-7.288],[-0.101,-0.616]],"v":[[8.98,-13.837],[-12.884,-10.306],[-13.839,-8.982],[-10.307,12.883],[-8.983,13.837],[12.881,10.305],[13.602,9.876],[13.635,9.833],[13.653,9.807],[13.835,8.982],[10.304,-12.883]],"c":true},"ix":2},"nm":"Trazado 2","mn":"ADBE Vector Shape - Group","hd":false},{"ty":"mm","mm":1,"nm":"Combinar trazados 1","mn":"ADBE Vector Filter - Merge","hd":false},{"ty":"fl","c":{"a":0,"k":[0.701960784314,0.741176470588,0.898039275525,1],"ix":4},"o":{"a":0,"k":100,"ix":5},"r":1,"bm":0,"nm":"Relleno 1","mn":"ADBE Vector Graphic - Fill","hd":false},{"ty":"tr","p":{"a":0,"k":[83.588,158.107],"ix":2},"a":{"a":0,"k":[0,0],"ix":1},"s":{"a":0,"k":[100,100],"ix":3},"r":{"a":0,"k":0,"ix":6},"o":{"a":0,"k":100,"ix":7},"sk":{"a":0,"k":0,"ix":4},"sa":{"a":0,"k":0,"ix":5},"nm":"Transformar"}],"nm":"Grupo 5","np":6,"cix":2,"bm":0,"ix":5,"mn":"ADBE Vector Group","hd":false},{"ty":"gr","it":[{"ind":0,"ty":"sh","ix":1,"ks":{"a":0,"k":{"i":[[-1.054,-6.529],[6.529,-1.056],[1.055,6.529],[-6.528,1.055]],"o":[[-6.529,1.056],[-1.055,-6.529],[6.529,-1.055],[1.056,6.529]],"v":[[11.373,8.21],[-8.214,11.375],[-11.378,-8.212],[8.208,-11.376]],"c":true},"ix":2},"nm":"Trazado 1","mn":"ADBE Vector Shape - Group","hd":false},{"ind":1,"ty":"sh","ix":2,"ks":{"a":0,"k":{"i":[[0.618,-0.1],[7.29,-1.178],[-0.1,-0.617],[-1.177,-7.289],[-0.618,0.1],[-7.289,1.178],[-0.151,0.212],[-0.011,0.015],[-0.006,0.009],[0.056,0.338],[1.177,7.29]],"o":[[-7.288,1.177],[-0.615,0.099],[1.177,7.288],[0.099,0.615],[7.287,-1.177],[0.335,-0.054],[0.011,-0.013],[0.005,-0.009],[0.155,-0.212],[-1.177,-7.288],[-0.099,-0.615]],"v":[[8.98,-13.837],[-12.885,-10.305],[-13.839,-8.982],[-10.307,12.883],[-8.983,13.837],[12.881,10.305],[13.602,9.877],[13.635,9.834],[13.653,9.808],[13.835,8.982],[10.304,-12.883]],"c":true},"ix":2},"nm":"Trazado 2","mn":"ADBE Vector Shape - Group","hd":false},{"ty":"mm","mm":1,"nm":"Combinar trazados 1","mn":"ADBE Vector Filter - Merge","hd":false},{"ty":"fl","c":{"a":0,"k":[0.701960784314,0.741176470588,0.898039275525,1],"ix":4},"o":{"a":0,"k":100,"ix":5},"r":1,"bm":0,"nm":"Relleno 1","mn":"ADBE Vector Graphic - Fill","hd":false},{"ty":"tr","p":{"a":0,"k":[77.057,117.682],"ix":2},"a":{"a":0,"k":[0,0],"ix":1},"s":{"a":0,"k":[100,100],"ix":3},"r":{"a":0,"k":0,"ix":6},"o":{"a":0,"k":100,"ix":7},"sk":{"a":0,"k":0,"ix":4},"sa":{"a":0,"k":0,"ix":5},"nm":"Transformar"}],"nm":"Grupo 6","np":6,"cix":2,"bm":0,"ix":6,"mn":"ADBE Vector Group","hd":false},{"ty":"gr","it":[{"ind":0,"ty":"sh","ix":1,"ks":{"a":0,"k":{"i":[[1.635,-0.264],[0,0],[-0.265,-1.635],[0,0],[-1.636,0.264],[0,0],[0.265,1.635],[0,0]],"o":[[0,0],[-1.636,0.265],[0,0],[0.264,1.636],[0,0],[1.635,-0.265],[0,0],[-0.264,-1.635]],"v":[[34.722,-11.219],[-36.488,0.287],[-38.971,3.727],[-38.162,8.735],[-34.722,11.219],[36.489,-0.286],[38.971,-3.727],[38.162,-8.736]],"c":true},"ix":2},"nm":"Trazado 1","mn":"ADBE Vector Shape - Group","hd":false},{"ty":"fl","c":{"a":0,"k":[0.701960784314,0.741176470588,0.898039275525,1],"ix":4},"o":{"a":0,"k":100,"ix":5},"r":1,"bm":0,"nm":"Relleno 1","mn":"ADBE Vector Graphic - Fill","hd":false},{"ty":"tr","p":{"a":0,"k":[154.033,190.544],"ix":2},"a":{"a":0,"k":[0,0],"ix":1},"s":{"a":0,"k":[100,100],"ix":3},"r":{"a":0,"k":0,"ix":6},"o":{"a":0,"k":100,"ix":7},"sk":{"a":0,"k":0,"ix":4},"sa":{"a":0,"k":0,"ix":5},"nm":"Transformar"}],"nm":"Grupo 7","np":4,"cix":2,"bm":0,"ix":7,"mn":"ADBE Vector Group","hd":false},{"ty":"gr","it":[{"ind":0,"ty":"sh","ix":1,"ks":{"a":0,"k":{"i":[[1.636,-0.264],[0,0],[-0.265,-1.635],[0,0],[-1.636,0.266],[0,0],[0.265,1.634],[0,0]],"o":[[0,0],[-1.636,0.266],[0,0],[0.264,1.635],[0,0],[1.636,-0.266],[0,0],[-0.264,-1.635]],"v":[[34.722,-11.219],[-36.488,0.286],[-38.971,3.727],[-38.162,8.736],[-34.722,11.218],[36.488,-0.286],[38.971,-3.726],[38.162,-8.736]],"c":true},"ix":2},"nm":"Trazado 1","mn":"ADBE Vector Shape - Group","hd":false},{"ty":"fl","c":{"a":0,"k":[0.701960784314,0.741176470588,0.898039275525,1],"ix":4},"o":{"a":0,"k":100,"ix":5},"r":1,"bm":0,"nm":"Relleno 1","mn":"ADBE Vector Graphic - Fill","hd":false},{"ty":"tr","p":{"a":0,"k":[140.195,104.91],"ix":2},"a":{"a":0,"k":[0,0],"ix":1},"s":{"a":0,"k":[100,100],"ix":3},"r":{"a":0,"k":0,"ix":6},"o":{"a":0,"k":100,"ix":7},"sk":{"a":0,"k":0,"ix":4},"sa":{"a":0,"k":0,"ix":5},"nm":"Transformar"}],"nm":"Grupo 8","np":4,"cix":2,"bm":0,"ix":8,"mn":"ADBE Vector Group","hd":false},{"ty":"gr","it":[{"ind":0,"ty":"sh","ix":1,"ks":{"a":0,"k":{"i":[[1.636,-0.264],[0,0],[-0.265,-1.636],[0,0],[-1.636,0.264],[0,0],[0.265,1.635],[0,0]],"o":[[0,0],[-1.636,0.264],[0,0],[0.264,1.636],[0,0],[1.636,-0.264],[0,0],[-0.264,-1.636]],"v":[[34.722,-11.219],[-36.488,0.287],[-38.971,3.727],[-38.162,8.735],[-34.722,11.219],[36.488,-0.287],[38.971,-3.727],[38.162,-8.736]],"c":true},"ix":2},"nm":"Trazado 1","mn":"ADBE Vector Shape - Group","hd":false},{"ty":"fl","c":{"a":0,"k":[0.701960784314,0.741176470588,0.898039275525,1],"ix":4},"o":{"a":0,"k":100,"ix":5},"r":1,"bm":0,"nm":"Relleno 1","mn":"ADBE Vector Graphic - Fill","hd":false},{"ty":"tr","p":{"a":0,"k":[147.113,147.727],"ix":2},"a":{"a":0,"k":[0,0],"ix":1},"s":{"a":0,"k":[100,100],"ix":3},"r":{"a":0,"k":0,"ix":6},"o":{"a":0,"k":100,"ix":7},"sk":{"a":0,"k":0,"ix":4},"sa":{"a":0,"k":0,"ix":5},"nm":"Transformar"}],"nm":"Grupo 9","np":4,"cix":2,"bm":0,"ix":9,"mn":"ADBE Vector Group","hd":false},{"ty":"gr","it":[{"ind":0,"ty":"sh","ix":1,"ks":{"a":0,"k":{"i":[[0,0],[6.576,-0.976],[0,0],[0,0],[0,0],[0,0],[0.943,6.545]],"o":[[-0.948,-6.579],[0,0],[0,0],[0,0],[0,0],[6.54,-0.965],[0,0]],"v":[[48.71,-88.969],[35.07,-99.127],[14.451,-96.068],[-72.118,100.103],[-71.643,100.103],[61.05,80.523],[71.175,66.94]],"c":true},"ix":2},"nm":"Trazado 1","mn":"ADBE Vector Shape - Group","hd":false},{"ty":"fl","c":{"a":0,"k":[1,1,1,1],"ix":4},"o":{"a":0,"k":100,"ix":5},"r":1,"bm":0,"nm":"Relleno 1","mn":"ADBE Vector Graphic - Fill","hd":false},{"ty":"tr","p":{"a":0,"k":[144.119,155.896],"ix":2},"a":{"a":0,"k":[0,0],"ix":1},"s":{"a":0,"k":[100,100],"ix":3},"r":{"a":0,"k":0,"ix":6},"o":{"a":0,"k":100,"ix":7},"sk":{"a":0,"k":0,"ix":4},"sa":{"a":0,"k":0,"ix":5},"nm":"Transformar"}],"nm":"Grupo 10","np":4,"cix":2,"bm":0,"ix":10,"mn":"ADBE Vector Group","hd":false},{"ty":"gr","it":[{"ind":0,"ty":"sh","ix":1,"ks":{"a":0,"k":{"i":[[-3.671,0.536],[0,0],[0,0],[0,0],[0,0]],"o":[[0,0],[0,0],[0,0],[0,0],[0.537,3.671]],"v":[[-31.479,97.747],[55.5,-98.283],[3.772,-91.527],[-55.5,-19.892],[-39.098,92.072]],"c":true},"ix":2},"nm":"Trazado 1","mn":"ADBE Vector Shape - Group","hd":false},{"ty":"fl","c":{"a":0,"k":[1,1,1,1],"ix":4},"o":{"a":0,"k":100,"ix":5},"r":1,"bm":0,"nm":"Relleno 1","mn":"ADBE Vector Graphic - Fill","hd":false},{"ty":"tr","p":{"a":0,"k":[103.5,158.283],"ix":2},"a":{"a":0,"k":[0,0],"ix":1},"s":{"a":0,"k":[100,100],"ix":3},"r":{"a":0,"k":0,"ix":6},"o":{"a":0,"k":100,"ix":7},"sk":{"a":0,"k":0,"ix":4},"sa":{"a":0,"k":0,"ix":5},"nm":"Transformar"}],"nm":"Grupo 11","np":4,"cix":2,"bm":0,"ix":11,"mn":"ADBE Vector Group","hd":false},{"ty":"gr","it":[{"ind":0,"ty":"sh","ix":1,"ks":{"a":0,"k":{"i":[[0,0],[-0.812,-5.508],[0,0],[0,0]],"o":[[-5.517,0.749],[0,0],[0,0],[0,0]],"v":[[-27.81,-27.673],[-36.357,-16.305],[-28.569,36.5],[37.169,-36.5]],"c":true},"ix":2},"nm":"Trazado 1","mn":"ADBE Vector Shape - Group","hd":false},{"ty":"fl","c":{"a":0,"k":[1,1,1,1],"ix":4},"o":{"a":0,"k":100,"ix":5},"r":1,"bm":0,"nm":"Relleno 1","mn":"ADBE Vector Graphic - Fill","hd":false},{"ty":"tr","p":{"a":0,"k":[76.832,102.5],"ix":2},"a":{"a":0,"k":[0,0],"ix":1},"s":{"a":0,"k":[100,100],"ix":3},"r":{"a":0,"k":0,"ix":6},"o":{"a":0,"k":100,"ix":7},"sk":{"a":0,"k":0,"ix":4},"sa":{"a":0,"k":0,"ix":5},"nm":"Transformar"}],"nm":"Grupo 12","np":4,"cix":2,"bm":0,"ix":12,"mn":"ADBE Vector Group","hd":false},{"ty":"gr","it":[{"ind":0,"ty":"sh","ix":1,"ks":{"a":0,"k":{"i":[[-1.851,2.477],[2.477,1.851],[1.85,-2.476],[-2.477,-1.85]],"o":[[1.85,-2.477],[-2.477,-1.851],[-1.851,2.478],[2.477,1.851]],"v":[[4.486,3.351],[3.351,-4.485],[-4.484,-3.351],[-3.351,4.485]],"c":true},"ix":2},"nm":"Trazado 1","mn":"ADBE Vector Shape - Group","hd":false},{"ty":"fl","c":{"a":0,"k":[1,1,1,1],"ix":4},"o":{"a":0,"k":100,"ix":5},"r":1,"bm":0,"nm":"Relleno 1","mn":"ADBE Vector Graphic - Fill","hd":false},{"ty":"tr","p":{"a":0,"k":[113.519,46.323],"ix":2},"a":{"a":0,"k":[0,0],"ix":1},"s":{"a":0,"k":[100,100],"ix":3},"r":{"a":0,"k":0,"ix":6},"o":{"a":0,"k":100,"ix":7},"sk":{"a":0,"k":0,"ix":4},"sa":{"a":0,"k":0,"ix":5},"nm":"Transformar"}],"nm":"Grupo 13","np":4,"cix":2,"bm":0,"ix":13,"mn":"ADBE Vector Group","hd":false},{"ty":"gr","it":[{"ind":0,"ty":"sh","ix":1,"ks":{"a":0,"k":{"i":[[-3.373,4.515],[4.515,3.373],[3.373,-4.515],[-4.515,-3.372]],"o":[[3.372,-4.515],[-4.515,-3.373],[-3.373,4.515],[4.515,3.373]],"v":[[8.176,6.107],[6.107,-8.174],[-8.175,-6.106],[-6.107,8.174]],"c":true},"ix":2},"nm":"Trazado 1","mn":"ADBE Vector Shape - Group","hd":false},{"ty":"fl","c":{"a":0,"k":[0.603921568627,0.647058823529,0.827451040231,1],"ix":4},"o":{"a":0,"k":100,"ix":5},"r":1,"bm":0,"nm":"Relleno 1","mn":"ADBE Vector Graphic - Fill","hd":false},{"ty":"tr","p":{"a":0,"k":[113.519,46.323],"ix":2},"a":{"a":0,"k":[0,0],"ix":1},"s":{"a":0,"k":[100,100],"ix":3},"r":{"a":0,"k":0,"ix":6},"o":{"a":0,"k":100,"ix":7},"sk":{"a":0,"k":0,"ix":4},"sa":{"a":0,"k":0,"ix":5},"nm":"Transformar"}],"nm":"Grupo 14","np":4,"cix":2,"bm":0,"ix":14,"mn":"ADBE Vector Group","hd":false},{"ty":"gr","it":[{"ind":0,"ty":"sh","ix":1,"ks":{"a":0,"k":{"i":[[0,0],[0,0],[0,0],[0,0]],"o":[[0,0],[0,0],[0,0],[0,0]],"v":[[34.494,-7.304],[-35.149,2.78],[-34.494,7.304],[35.149,-2.78]],"c":true},"ix":2},"nm":"Trazado 1","mn":"ADBE Vector Shape - Group","hd":false},{"ty":"fl","c":{"a":0,"k":[0.701960784314,0.741176470588,0.898039275525,1],"ix":4},"o":{"a":0,"k":100,"ix":5},"r":1,"bm":0,"nm":"Relleno 1","mn":"ADBE Vector Graphic - Fill","hd":false},{"ty":"tr","p":{"a":0,"k":[115.64,60.972],"ix":2},"a":{"a":0,"k":[0,0],"ix":1},"s":{"a":0,"k":[100,100],"ix":3},"r":{"a":0,"k":0,"ix":6},"o":{"a":0,"k":100,"ix":7},"sk":{"a":0,"k":0,"ix":4},"sa":{"a":0,"k":0,"ix":5},"nm":"Transformar"}],"nm":"Grupo 15","np":4,"cix":2,"bm":0,"ix":15,"mn":"ADBE Vector Group","hd":false},{"ty":"gr","it":[{"ind":0,"ty":"sh","ix":1,"ks":{"a":0,"k":{"i":[[0,0],[0,0],[0,0],[-0.875,0.127],[0,0],[-0.127,-0.875]],"o":[[0,0],[0,0],[-0.127,-0.875],[0,0],[0.875,-0.127],[0,0]],"v":[[35.624,0.792],[-34.022,10.876],[-35.497,0.689],[-34.142,-1.124],[32.336,-10.749],[34.149,-9.395]],"c":true},"ix":2},"nm":"Trazado 1","mn":"ADBE Vector Shape - Group","hd":false},{"ty":"fl","c":{"a":0,"k":[0.545098039216,0.592156862745,0.796078491211,1],"ix":4},"o":{"a":0,"k":100,"ix":5},"r":1,"bm":0,"nm":"Relleno 1","mn":"ADBE Vector Graphic - Fill","hd":false},{"ty":"tr","p":{"a":0,"k":[114.513,52.876],"ix":2},"a":{"a":0,"k":[0,0],"ix":1},"s":{"a":0,"k":[100,100],"ix":3},"r":{"a":0,"k":0,"ix":6},"o":{"a":0,"k":100,"ix":7},"sk":{"a":0,"k":0,"ix":4},"sa":{"a":0,"k":0,"ix":5},"nm":"Transformar"}],"nm":"Grupo 16","np":4,"cix":2,"bm":0,"ix":16,"mn":"ADBE Vector Group","hd":false},{"ty":"gr","it":[{"ind":0,"ty":"sh","ix":1,"ks":{"a":0,"k":{"i":[[0,0],[0,0],[0,0],[0,0]],"o":[[0,0],[0,0],[0,0],[0,0]],"v":[[-5.641,-36.036],[4.755,36.036],[5.641,35.042],[-4.755,-36.036]],"c":true},"ix":2},"nm":"Trazado 1","mn":"ADBE Vector Shape - Group","hd":false},{"ty":"fl","c":{"a":0,"k":[0.152941176471,0.274509803922,0.780392216701,1],"ix":4},"o":{"a":0,"k":100,"ix":5},"r":1,"bm":0,"nm":"Relleno 1","mn":"ADBE Vector Graphic - Fill","hd":false},{"ty":"tr","p":{"a":0,"k":[42.258,103.524],"ix":2},"a":{"a":0,"k":[0,0],"ix":1},"s":{"a":0,"k":[100,100],"ix":3},"r":{"a":0,"k":0,"ix":6},"o":{"a":0,"k":100,"ix":7},"sk":{"a":0,"k":0,"ix":4},"sa":{"a":0,"k":0,"ix":5},"nm":"Transformar"}],"nm":"Grupo 17","np":4,"cix":2,"bm":0,"ix":17,"mn":"ADBE Vector Group","hd":false},{"ty":"gr","it":[{"ind":0,"ty":"sh","ix":1,"ks":{"a":0,"k":{"i":[[0,0],[6.011,-0.88],[0,0],[0,0],[0,0],[0,0]],"o":[[0.879,6.011],[0,0],[0,0],[0,0],[0,0],[0,0]],"v":[[68.902,62.124],[59.609,74.601],[-75.082,94.296],[75.083,77.073],[46.809,-94.296],[46.029,-94.296]],"c":true},"ix":2},"nm":"Trazado 1","mn":"ADBE Vector Shape - Group","hd":false},{"ty":"fl","c":{"a":0,"k":[0.152941176471,0.274509803922,0.780392216701,1],"ix":4},"o":{"a":0,"k":100,"ix":5},"r":1,"bm":0,"nm":"Relleno 1","mn":"ADBE Vector Graphic - Fill","hd":false},{"ty":"tr","p":{"a":0,"k":[146.931,161.783],"ix":2},"a":{"a":0,"k":[0,0],"ix":1},"s":{"a":0,"k":[100,100],"ix":3},"r":{"a":0,"k":0,"ix":6},"o":{"a":0,"k":100,"ix":7},"sk":{"a":0,"k":0,"ix":4},"sa":{"a":0,"k":0,"ix":5},"nm":"Transformar"}],"nm":"Grupo 18","np":4,"cix":2,"bm":0,"ix":18,"mn":"ADBE Vector Group","hd":false},{"ty":"gr","it":[{"ind":0,"ty":"sh","ix":1,"ks":{"a":0,"k":{"i":[[0,0],[-5.49,0.735],[0,0],[-0.912,-6.538],[0,0]],"o":[[-0.735,-5.49],[0,0],[6.543,-0.875],[0,0],[0,0]],"v":[[-84.535,15.885],[-75.924,4.615],[70.766,-15.01],[84.243,-4.774],[85.27,2.583]],"c":true},"ix":2},"nm":"Trazado 1","mn":"ADBE Vector Shape - Group","hd":false},{"ty":"fl","c":{"a":0,"k":[0.152941176471,0.274509803922,0.780392216701,1],"ix":4},"o":{"a":0,"k":100,"ix":5},"r":1,"bm":0,"nm":"Relleno 1","mn":"ADBE Vector Graphic - Fill","hd":false},{"ty":"tr","p":{"a":0,"k":[114.752,61.531],"ix":2},"a":{"a":0,"k":[0,0],"ix":1},"s":{"a":0,"k":[100,100],"ix":3},"r":{"a":0,"k":0,"ix":6},"o":{"a":0,"k":100,"ix":7},"sk":{"a":0,"k":0,"ix":4},"sa":{"a":0,"k":0,"ix":5},"nm":"Transformar"}],"nm":"Grupo 19","np":4,"cix":2,"bm":0,"ix":19,"mn":"ADBE Vector Group","hd":false},{"ty":"gr","it":[{"ind":0,"ty":"sh","ix":1,"ks":{"a":0,"k":{"i":[[0,0],[1.002,6.579],[0,0],[0,0],[0,0],[0,0],[0.536,3.659],[0,0],[0,0],[0,0],[0,0],[-0.984,-6.732],[0,0],[-6.558,0.958]],"o":[[6.585,-0.962],[0,0],[0,0],[0,0],[0,0],[-3.659,0.535],[0,0],[0,0],[0,0],[0,0],[-6.764,0.731],[0,0],[0.959,6.558],[0,0]],"v":[[87.353,84.386],[97.48,70.707],[70.491,-106.615],[62.779,-104.688],[93.928,78.248],[-56.237,95.471],[-63.832,89.815],[-80.187,-22.042],[-80.187,-30.942],[-77.001,-95.53],[-86.914,-94.458],[-97.498,-80.792],[-71.717,95.518],[-58.107,105.657]],"c":true},"ix":2},"nm":"Trazado 1","mn":"ADBE Vector Shape - Group","hd":false},{"ty":"fl","c":{"a":0,"k":[0.152941176471,0.274509803922,0.780392216701,1],"ix":4},"o":{"a":0,"k":100,"ix":5},"r":1,"bm":0,"nm":"Relleno 1","mn":"ADBE Vector Graphic - Fill","hd":false},{"ty":"tr","p":{"a":0,"k":[128.086,160.608],"ix":2},"a":{"a":0,"k":[0,0],"ix":1},"s":{"a":0,"k":[100,100],"ix":3},"r":{"a":0,"k":0,"ix":6},"o":{"a":0,"k":100,"ix":7},"sk":{"a":0,"k":0,"ix":4},"sa":{"a":0,"k":0,"ix":5},"nm":"Transformar"}],"nm":"Grupo 20","np":4,"cix":2,"bm":0,"ix":20,"mn":"ADBE Vector Group","hd":false}],"ip":0,"op":50.0000020365418,"st":0,"bm":0}],"markers":[]}