{"v":"5.6.10","fr":30,"ip":0,"op":143,"w":500,"h":500,"nm":"36_Typo","ddd":0,"assets":[],"layers":[{"ddd":0,"ind":1,"ty":4,"nm":"Group 2","sr":1,"ks":{"o":{"a":0,"k":100,"ix":11},"r":{"a":1,"k":[{"i":{"x":[0.667],"y":[1]},"o":{"x":[0.333],"y":[0]},"t":0,"s":[0]},{"i":{"x":[0.667],"y":[1]},"o":{"x":[0.333],"y":[0]},"t":7,"s":[-2.4]},{"i":{"x":[0.667],"y":[1]},"o":{"x":[0.333],"y":[0]},"t":13,"s":[13.5]},{"i":{"x":[0.667],"y":[1]},"o":{"x":[0.333],"y":[0]},"t":18,"s":[12.6]},{"i":{"x":[0.667],"y":[1]},"o":{"x":[0.333],"y":[0]},"t":25,"s":[5.3]},{"i":{"x":[0.667],"y":[1]},"o":{"x":[0.333],"y":[0]},"t":27,"s":[-1.1]},{"i":{"x":[0.667],"y":[1]},"o":{"x":[0.333],"y":[0]},"t":33,"s":[1.4]},{"i":{"x":[0.667],"y":[1]},"o":{"x":[0.333],"y":[0]},"t":40,"s":[-1.7]},{"i":{"x":[0.667],"y":[1]},"o":{"x":[0.333],"y":[0]},"t":47,"s":[2.5]},{"i":{"x":[0.667],"y":[1]},"o":{"x":[0.333],"y":[0]},"t":54,"s":[-1.4]},{"i":{"x":[0.833],"y":[1]},"o":{"x":[0.333],"y":[0]},"t":60,"s":[3.9]},{"i":{"x":[0.2],"y":[1]},"o":{"x":[0.4],"y":[0]},"t":66,"s":[3.9]},{"i":{"x":[0.2],"y":[1]},"o":{"x":[0.167],"y":[0]},"t":82,"s":[-5.8]},{"i":{"x":[0.2],"y":[1]},"o":{"x":[0.4],"y":[0]},"t":117,"s":[-5.8]},{"t":142,"s":[0]}],"ix":10},"p":{"a":1,"k":[{"i":{"x":0.607,"y":0.607},"o":{"x":0.167,"y":0.167},"t":0,"s":[83.5,428,0],"to":[0,0,0],"ti":[5.5,9.5,0]},{"i":{"x":0.62,"y":0.62},"o":{"x":0.281,"y":0.281},"t":3.074,"s":[60,421.5,0],"to":[-5.5,-9.5,0],"ti":[-12,16.5,0]},{"i":{"x":0.644,"y":0.644},"o":{"x":0.307,"y":0.307},"t":9.407,"s":[74.5,372.5,0],"to":[12,-16.5,0],"ti":[-10.854,-3.527,0]},{"i":{"x":0.658,"y":0.658},"o":{"x":0.315,"y":0.315},"t":16.62,"s":[114.5,330,0],"to":[20,6.5,0],"ti":[-20.5,-5.5,0]},{"i":{"x":0.67,"y":0.67},"o":{"x":0.334,"y":0.334},"t":30.083,"s":[106.5,436.5,0],"to":[16.419,4.405,0],"ti":[-5.947,-1.699,0]},{"i":{"x":0.674,"y":0.674},"o":{"x":0.339,"y":0.339},"t":36.581,"s":[140.5,398,0],"to":[10.5,3,0],"ti":[-3.911,-0.978,0]},{"i":{"x":0.685,"y":0.685},"o":{"x":0.348,"y":0.348},"t":42.084,"s":[143.5,442,0],"to":[14,3.5,0],"ti":[-11,-1,0]},{"i":{"x":0.691,"y":0.691},"o":{"x":0.353,"y":0.353},"t":48.689,"s":[179.5,403.5,0],"to":[11,1,0],"ti":[-6,-4,0]},{"i":{"x":0.712,"y":0.712},"o":{"x":0.369,"y":0.369},"t":53.339,"s":[189,439,0],"to":[6,4,0],"ti":[-5.5,6,0]},{"i":{"x":0.833,"y":0.833},"o":{"x":0.44,"y":0.44},"t":57.312,"s":[216.5,423,0],"to":[5.5,-6,0],"ti":[0,0,0]},{"i":{"x":0.833,"y":0.833},"o":{"x":0.167,"y":0.167},"t":60,"s":[238,423,0],"to":[0,0,0],"ti":[0,0,0]},{"i":{"x":0.2,"y":1},"o":{"x":0.4,"y":0},"t":66,"s":[238,423,0],"to":[0,0,0],"ti":[0,0,0]},{"i":{"x":0.2,"y":0.2},"o":{"x":0.167,"y":0.167},"t":82,"s":[259,425.5,0],"to":[0,0,0],"ti":[0,0,0]},{"i":{"x":0.2,"y":1},"o":{"x":0.4,"y":0},"t":117,"s":[259,425.5,0],"to":[0,0,0],"ti":[0,0,0]},{"t":142,"s":[83.5,428,0]}],"ix":2},"a":{"a":0,"k":[-8.489,168.607,0],"ix":1},"s":{"a":0,"k":[100,100,100],"ix":6}},"ao":0,"shapes":[{"ty":"gr","it":[{"ty":"gr","it":[{"ty":"gr","it":[{"ind":0,"ty":"sh","ix":1,"ks":{"a":0,"k":{"i":[[0,0],[0,0],[0.232,-1.948],[0,0],[-2.847,2.421],[0,0],[1.625,0.872]],"o":[[0,0],[-1.625,-0.872],[0,0],[-0.442,3.711],[0,0],[1.495,-1.271],[0,0]],"v":[[12.858,132.135],[-0.167,125.147],[-4.079,127.415],[-8.455,164.126],[-2.01,167.584],[26.157,143.636],[25.883,139.123]],"c":true},"ix":2},"nm":"Path 1","mn":"ADBE Vector Shape - Group","hd":false},{"ty":"st","c":{"a":0,"k":[0.607843160629,0.764705896378,0.945098042488,1],"ix":3},"o":{"a":0,"k":100,"ix":4},"w":{"a":0,"k":2,"ix":5},"lc":1,"lj":1,"ml":10,"bm":0,"nm":"Stroke 1","mn":"ADBE Vector Graphic - Stroke","hd":false},{"ty":"fl","c":{"a":0,"k":[0.274509817362,0.494117647409,0.717647075653,1],"ix":4},"o":{"a":0,"k":100,"ix":5},"r":1,"bm":0,"nm":"Fill 1","mn":"ADBE Vector Graphic - Fill","hd":false},{"ty":"tr","p":{"a":0,"k":[0,0],"ix":2},"a":{"a":0,"k":[0,0],"ix":1},"s":{"a":0,"k":[100,100],"ix":3},"r":{"a":0,"k":0,"ix":6},"o":{"a":0,"k":100,"ix":7},"sk":{"a":0,"k":0,"ix":4},"sa":{"a":0,"k":0,"ix":5},"nm":"Transform"}],"nm":"Group 1","np":3,"cix":2,"bm":0,"ix":1,"mn":"ADBE Vector Group","hd":false},{"ty":"tr","p":{"a":0,"k":[0,0],"ix":2},"a":{"a":0,"k":[0,0],"ix":1},"s":{"a":0,"k":[100,100],"ix":3},"r":{"a":0,"k":0,"ix":6},"o":{"a":0,"k":100,"ix":7},"sk":{"a":0,"k":0,"ix":4},"sa":{"a":0,"k":0,"ix":5},"nm":"Transform"}],"nm":"Group 1","np":1,"cix":2,"bm":0,"ix":1,"mn":"ADBE Vector Group","hd":false},{"ty":"gr","it":[{"ty":"gr","it":[{"ind":0,"ty":"sh","ix":1,"ks":{"a":0,"k":{"i":[[0,0],[1.465,-2.732],[0,0],[-1.301,-0.698],[0,0],[-0.698,1.301],[0,0],[2.732,1.466]],"o":[[-2.732,-1.466],[0,0],[-0.698,1.301],[0,0],[1.301,0.698],[0,0],[1.466,-2.732],[0,0]],"v":[[84.523,-29.056],[76.923,-26.763],[0.269,116.117],[1.361,119.735],[29.547,134.857],[33.165,133.765],[109.819,-9.115],[107.526,-16.715]],"c":true},"ix":2},"nm":"Path 1","mn":"ADBE Vector Shape - Group","hd":false},{"ty":"st","c":{"a":0,"k":[0.607843160629,0.764705896378,0.945098042488,1],"ix":3},"o":{"a":0,"k":100,"ix":4},"w":{"a":0,"k":2,"ix":5},"lc":1,"lj":1,"ml":10,"bm":0,"nm":"Stroke 1","mn":"ADBE Vector Graphic - Stroke","hd":false},{"ty":"fl","c":{"a":0,"k":[1,1,1,1],"ix":4},"o":{"a":0,"k":100,"ix":5},"r":1,"bm":0,"nm":"Fill 1","mn":"ADBE Vector Graphic - Fill","hd":false},{"ty":"tr","p":{"a":0,"k":[0,0],"ix":2},"a":{"a":0,"k":[0,0],"ix":1},"s":{"a":0,"k":[100,100],"ix":3},"r":{"a":0,"k":0,"ix":6},"o":{"a":0,"k":100,"ix":7},"sk":{"a":0,"k":0,"ix":4},"sa":{"a":0,"k":0,"ix":5},"nm":"Transform"}],"nm":"Group 1","np":3,"cix":2,"bm":0,"ix":1,"mn":"ADBE Vector Group","hd":false},{"ty":"tr","p":{"a":0,"k":[0,0],"ix":2},"a":{"a":0,"k":[0,0],"ix":1},"s":{"a":0,"k":[100,100],"ix":3},"r":{"a":0,"k":0,"ix":6},"o":{"a":0,"k":100,"ix":7},"sk":{"a":0,"k":0,"ix":4},"sa":{"a":0,"k":0,"ix":5},"nm":"Transform"}],"nm":"Group 2","np":1,"cix":2,"bm":0,"ix":2,"mn":"ADBE Vector Group","hd":false},{"ty":"gr","it":[{"ty":"gr","it":[{"ind":0,"ty":"sh","ix":1,"ks":{"a":0,"k":{"i":[[7.969,4.276],[0,0],[4.276,-7.969],[0,0],[-4.619,-2.478],[0,0],[-2.478,4.619],[0,0],[-0.632,-3.703],[5.579,-6.983],[5.408,-10.969],[-0.552,-4.991],[-0.676,-1.72],[-2.894,0.873],[-0.153,0.06],[1.186,3.015],[0.115,1.034],[-1.348,2.731],[-17.982,22.507],[1.693,9.659],[4.023,4.071],[0,0]],"o":[[0,0],[-7.969,-4.275],[0,0],[-2.478,4.619],[0,0],[4.619,2.478],[0,0],[1.956,2.534],[1.054,6.177],[-18.719,23.428],[-2.338,4.742],[0.228,2.061],[1.126,2.863],[0.154,-0.047],[3.014,-1.186],[-0.297,-0.757],[-0.307,-2.763],[5.276,-10.702],[7.795,-9.756],[-1.416,-8.077],[0,0],[4.276,-7.97]],"v":[[199.105,-197.963],[184.889,-205.59],[162.717,-198.901],[81.46,-47.44],[85.336,-34.59],[111.686,-20.453],[124.537,-24.33],[195.662,-156.906],[200.008,-147.488],[193.19,-127.654],[149.961,-55.644],[147.231,-40.767],[148.595,-35.068],[155.742,-31.596],[156.201,-31.756],[159.513,-39.362],[158.893,-42.058],[160.483,-50.455],[202.356,-120.332],[211.55,-149.592],[201.566,-167.911],[205.794,-175.791]],"c":true},"ix":2},"nm":"Path 1","mn":"ADBE Vector Shape - Group","hd":false},{"ty":"st","c":{"a":0,"k":[0.607843160629,0.764705896378,0.945098042488,1],"ix":3},"o":{"a":0,"k":100,"ix":4},"w":{"a":0,"k":2,"ix":5},"lc":1,"lj":1,"ml":10,"bm":0,"nm":"Stroke 1","mn":"ADBE Vector Graphic - Stroke","hd":false},{"ty":"fl","c":{"a":0,"k":[0.274509817362,0.494117647409,0.717647075653,1],"ix":4},"o":{"a":0,"k":100,"ix":5},"r":1,"bm":0,"nm":"Fill 1","mn":"ADBE Vector Graphic - Fill","hd":false},{"ty":"tr","p":{"a":0,"k":[0,0],"ix":2},"a":{"a":0,"k":[0,0],"ix":1},"s":{"a":0,"k":[100,100],"ix":3},"r":{"a":0,"k":0,"ix":6},"o":{"a":0,"k":100,"ix":7},"sk":{"a":0,"k":0,"ix":4},"sa":{"a":0,"k":0,"ix":5},"nm":"Transform"}],"nm":"Group 1","np":3,"cix":2,"bm":0,"ix":1,"mn":"ADBE Vector Group","hd":false},{"ty":"tr","p":{"a":0,"k":[0,0],"ix":2},"a":{"a":0,"k":[0,0],"ix":1},"s":{"a":0,"k":[100,100],"ix":3},"r":{"a":0,"k":0,"ix":6},"o":{"a":0,"k":100,"ix":7},"sk":{"a":0,"k":0,"ix":4},"sa":{"a":0,"k":0,"ix":5},"nm":"Transform"}],"nm":"Group 3","np":1,"cix":2,"bm":0,"ix":3,"mn":"ADBE Vector Group","hd":false},{"ty":"tr","p":{"a":0,"k":[0,0],"ix":2},"a":{"a":0,"k":[0,0],"ix":1},"s":{"a":0,"k":[100,100],"ix":3},"r":{"a":0,"k":0,"ix":6},"o":{"a":0,"k":100,"ix":7},"sk":{"a":0,"k":0,"ix":4},"sa":{"a":0,"k":0,"ix":5},"nm":"Transform"}],"nm":"Group 2","np":3,"cix":2,"bm":0,"ix":1,"mn":"ADBE Vector Group","hd":false}],"ip":0,"op":450,"st":0,"bm":0},{"ddd":0,"ind":2,"ty":4,"nm":"Shape Layer 1","sr":1,"ks":{"o":{"a":0,"k":100,"ix":11},"r":{"a":0,"k":0,"ix":10},"p":{"a":0,"k":[250,250,0],"ix":2},"a":{"a":0,"k":[0,0,0],"ix":1},"s":{"a":0,"k":[100,100,100],"ix":6}},"ao":0,"shapes":[{"ty":"gr","it":[{"ind":0,"ty":"sh","ix":1,"ks":{"a":0,"k":{"i":[[0,0],[5.5,9.5],[-12,16.5],[-10.854,-3.527],[-20.5,-5.5],[-5.947,-1.699],[-3.911,-0.978],[-11,-1],[-6,-4],[-5.5,6],[0,0]],"o":[[0,0],[-5.5,-9.5],[12,-16.5],[20,6.5],[16.419,4.405],[10.5,3],[14,3.5],[11,1],[6,4],[5.5,-6],[0,0]],"v":[[-166.5,178],[-190,171.5],[-175.5,122.5],[-135.5,80],[-143.5,186.5],[-109.5,148],[-106.5,192],[-70.5,153.5],[-61,189],[-33.5,173],[-12,173]],"c":false},"ix":2},"nm":"Path 1","mn":"ADBE Vector Shape - Group","hd":false},{"ty":"tm","s":{"a":1,"k":[{"i":{"x":[0.2],"y":[1]},"o":{"x":[0.4],"y":[0]},"t":101,"s":[0]},{"t":122,"s":[100]}],"ix":1},"e":{"a":1,"k":[{"i":{"x":[0.833],"y":[0.833]},"o":{"x":[0.167],"y":[0.167]},"t":0,"s":[0]},{"t":60,"s":[100]}],"ix":2},"o":{"a":0,"k":0,"ix":3},"m":1,"ix":2,"nm":"Trim Paths 1","mn":"ADBE Vector Filter - Trim","hd":false},{"ty":"st","c":{"a":0,"k":[0.607843137255,0.764705942191,0.945098099054,1],"ix":3},"o":{"a":0,"k":100,"ix":4},"w":{"a":0,"k":8.7,"ix":5},"lc":2,"lj":1,"ml":4,"bm":0,"nm":"Stroke 1","mn":"ADBE Vector Graphic - Stroke","hd":false},{"ty":"tr","p":{"a":0,"k":[0,0],"ix":2},"a":{"a":0,"k":[0,0],"ix":1},"s":{"a":0,"k":[100,100],"ix":3},"r":{"a":0,"k":0,"ix":6},"o":{"a":0,"k":100,"ix":7},"sk":{"a":0,"k":0,"ix":4},"sa":{"a":0,"k":0,"ix":5},"nm":"Transform"}],"nm":"Shape 1","np":4,"cix":2,"bm":0,"ix":1,"mn":"ADBE Vector Group","hd":false}],"ip":0,"op":450,"st":0,"bm":0}],"markers":[]}