{"v":"5.7.6","fr":30,"ip":0,"op":120,"w":1920,"h":1920,"nm":"main","ddd":0,"assets":[],"layers":[{"ddd":0,"ind":1,"ty":4,"nm":"flake-006","parent":7,"sr":1,"ks":{"o":{"a":0,"k":100,"ix":11},"r":{"a":0,"k":300,"ix":10},"p":{"a":0,"k":[-6,-322,0],"ix":2,"l":2},"a":{"a":0,"k":[0,0,0],"ix":1,"l":2},"s":{"a":0,"k":[100,100,100],"ix":6,"l":2}},"ao":0,"shapes":[{"ty":"gr","it":[{"d":1,"ty":"el","s":{"a":0,"k":[50,50],"ix":2},"p":{"a":0,"k":[0,0],"ix":3},"nm":"flake","mn":"ADBE Vector Shape - Ellipse","hd":false},{"ty":"fl","c":{"a":0,"k":[0.388235330582,0.737254917622,0.905882418156,1],"ix":4},"o":{"a":0,"k":100,"ix":5},"r":1,"bm":0,"nm":"flake-fill","mn":"ADBE Vector Graphic - Fill","hd":false},{"ty":"st","c":{"a":0,"k":[0.247058838606,0.211764723063,0.474509835243,1],"ix":3},"o":{"a":0,"k":100,"ix":4},"w":{"a":0,"k":35,"ix":5},"lc":1,"lj":1,"ml":4,"bm":0,"nm":"flake-stroke","mn":"ADBE Vector Graphic - Stroke","hd":false},{"ty":"tr","p":{"a":1,"k":[{"i":{"x":0.701,"y":0.94},"o":{"x":0.371,"y":0},"t":22,"s":[0,0],"to":[0,-6.474],"ti":[0,9.263]},{"i":{"x":0.525,"y":1},"o":{"x":0.394,"y":0.227},"t":26,"s":[0,-201.724],"to":[0,-109.726],"ti":[0,76.692]},{"t":43,"s":[0,-499]}],"ix":2},"a":{"a":0,"k":[0,0],"ix":1},"s":{"a":1,"k":[{"i":{"x":[0.53,0.53],"y":[1,1]},"o":{"x":[0.482,0.482],"y":[0,0]},"t":22,"s":[0,0]},{"i":{"x":[0.592,0.592],"y":[1,1]},"o":{"x":[0.417,0.417],"y":[0,0]},"t":26,"s":[100,100]},{"t":43,"s":[0,0]}],"ix":3},"r":{"a":0,"k":0,"ix":6},"o":{"a":0,"k":100,"ix":7},"sk":{"a":0,"k":0,"ix":4},"sa":{"a":0,"k":0,"ix":5},"nm":"Transform"}],"nm":"flake","np":3,"cix":2,"bm":0,"ix":1,"mn":"ADBE Vector Group","hd":false}],"ip":0,"op":120,"st":0,"bm":0},{"ddd":0,"ind":2,"ty":4,"nm":"flake-005","parent":7,"sr":1,"ks":{"o":{"a":0,"k":100,"ix":11},"r":{"a":0,"k":240,"ix":10},"p":{"a":0,"k":[-6,-322,0],"ix":2,"l":2},"a":{"a":0,"k":[0,0,0],"ix":1,"l":2},"s":{"a":0,"k":[100,100,100],"ix":6,"l":2}},"ao":0,"shapes":[{"ty":"gr","it":[{"d":1,"ty":"el","s":{"a":0,"k":[50,50],"ix":2},"p":{"a":0,"k":[0,0],"ix":3},"nm":"flake","mn":"ADBE Vector Shape - Ellipse","hd":false},{"ty":"fl","c":{"a":0,"k":[0.388235330582,0.737254917622,0.905882418156,1],"ix":4},"o":{"a":0,"k":100,"ix":5},"r":1,"bm":0,"nm":"flake-fill","mn":"ADBE Vector Graphic - Fill","hd":false},{"ty":"st","c":{"a":0,"k":[0.247058838606,0.211764723063,0.474509835243,1],"ix":3},"o":{"a":0,"k":100,"ix":4},"w":{"a":0,"k":35,"ix":5},"lc":1,"lj":1,"ml":4,"bm":0,"nm":"flake-stroke","mn":"ADBE Vector Graphic - Stroke","hd":false},{"ty":"tr","p":{"a":1,"k":[{"i":{"x":0.701,"y":0.94},"o":{"x":0.371,"y":0},"t":22,"s":[0,0],"to":[0,-6.474],"ti":[0,9.263]},{"i":{"x":0.525,"y":1},"o":{"x":0.394,"y":0.213},"t":26,"s":[0,-201.724],"to":[0,-109.726],"ti":[0,76.692]},{"t":42,"s":[0,-499]}],"ix":2},"a":{"a":0,"k":[0,0],"ix":1},"s":{"a":1,"k":[{"i":{"x":[0.53,0.53],"y":[1,1]},"o":{"x":[0.482,0.482],"y":[0,0]},"t":22,"s":[0,0]},{"i":{"x":[0.592,0.592],"y":[1,1]},"o":{"x":[0.417,0.417],"y":[0,0]},"t":26,"s":[100,100]},{"t":42,"s":[0,0]}],"ix":3},"r":{"a":0,"k":0,"ix":6},"o":{"a":0,"k":100,"ix":7},"sk":{"a":0,"k":0,"ix":4},"sa":{"a":0,"k":0,"ix":5},"nm":"Transform"}],"nm":"flake","np":3,"cix":2,"bm":0,"ix":1,"mn":"ADBE Vector Group","hd":false}],"ip":0,"op":120,"st":0,"bm":0},{"ddd":0,"ind":3,"ty":4,"nm":"flake-004","parent":7,"sr":1,"ks":{"o":{"a":0,"k":100,"ix":11},"r":{"a":0,"k":180,"ix":10},"p":{"a":0,"k":[-6,-322,0],"ix":2,"l":2},"a":{"a":0,"k":[0,0,0],"ix":1,"l":2},"s":{"a":0,"k":[100,100,100],"ix":6,"l":2}},"ao":0,"shapes":[{"ty":"gr","it":[{"d":1,"ty":"el","s":{"a":0,"k":[50,50],"ix":2},"p":{"a":0,"k":[0,0],"ix":3},"nm":"flake","mn":"ADBE Vector Shape - Ellipse","hd":false},{"ty":"fl","c":{"a":0,"k":[0.388235330582,0.737254917622,0.905882418156,1],"ix":4},"o":{"a":0,"k":100,"ix":5},"r":1,"bm":0,"nm":"flake-fill","mn":"ADBE Vector Graphic - Fill","hd":false},{"ty":"st","c":{"a":0,"k":[0.247058838606,0.211764723063,0.474509835243,1],"ix":3},"o":{"a":0,"k":100,"ix":4},"w":{"a":0,"k":35,"ix":5},"lc":1,"lj":1,"ml":4,"bm":0,"nm":"flake-stroke","mn":"ADBE Vector Graphic - Stroke","hd":false},{"ty":"tr","p":{"a":1,"k":[{"i":{"x":0.701,"y":0.94},"o":{"x":0.371,"y":0},"t":22,"s":[0,0],"to":[0,-6.474],"ti":[0,9.263]},{"i":{"x":0.525,"y":1},"o":{"x":0.394,"y":0.2},"t":26,"s":[0,-201.724],"to":[0,-109.726],"ti":[0,76.692]},{"t":41,"s":[0,-499]}],"ix":2},"a":{"a":0,"k":[0,0],"ix":1},"s":{"a":1,"k":[{"i":{"x":[0.53,0.53],"y":[1,1]},"o":{"x":[0.482,0.482],"y":[0,0]},"t":22,"s":[0,0]},{"i":{"x":[0.592,0.592],"y":[1,1]},"o":{"x":[0.417,0.417],"y":[0,0]},"t":26,"s":[100,100]},{"t":41,"s":[0,0]}],"ix":3},"r":{"a":0,"k":0,"ix":6},"o":{"a":0,"k":100,"ix":7},"sk":{"a":0,"k":0,"ix":4},"sa":{"a":0,"k":0,"ix":5},"nm":"Transform"}],"nm":"flake","np":3,"cix":2,"bm":0,"ix":1,"mn":"ADBE Vector Group","hd":false}],"ip":0,"op":120,"st":0,"bm":0},{"ddd":0,"ind":4,"ty":4,"nm":"flake-003","parent":7,"sr":1,"ks":{"o":{"a":0,"k":100,"ix":11},"r":{"a":0,"k":120,"ix":10},"p":{"a":0,"k":[-6,-322,0],"ix":2,"l":2},"a":{"a":0,"k":[0,0,0],"ix":1,"l":2},"s":{"a":0,"k":[100,100,100],"ix":6,"l":2}},"ao":0,"shapes":[{"ty":"gr","it":[{"d":1,"ty":"el","s":{"a":0,"k":[50,50],"ix":2},"p":{"a":0,"k":[0,0],"ix":3},"nm":"flake","mn":"ADBE Vector Shape - Ellipse","hd":false},{"ty":"fl","c":{"a":0,"k":[0.388235330582,0.737254917622,0.905882418156,1],"ix":4},"o":{"a":0,"k":100,"ix":5},"r":1,"bm":0,"nm":"flake-fill","mn":"ADBE Vector Graphic - Fill","hd":false},{"ty":"st","c":{"a":0,"k":[0.247058838606,0.211764723063,0.474509835243,1],"ix":3},"o":{"a":0,"k":100,"ix":4},"w":{"a":0,"k":35,"ix":5},"lc":1,"lj":1,"ml":4,"bm":0,"nm":"flake-stroke","mn":"ADBE Vector Graphic - Stroke","hd":false},{"ty":"tr","p":{"a":1,"k":[{"i":{"x":0.701,"y":0.94},"o":{"x":0.371,"y":0},"t":22,"s":[0,0],"to":[0,-6.474],"ti":[0,9.263]},{"i":{"x":0.525,"y":1},"o":{"x":0.394,"y":0.213},"t":26,"s":[0,-201.724],"to":[0,-109.726],"ti":[0,76.692]},{"t":42,"s":[0,-499]}],"ix":2},"a":{"a":0,"k":[0,0],"ix":1},"s":{"a":1,"k":[{"i":{"x":[0.53,0.53],"y":[1,1]},"o":{"x":[0.482,0.482],"y":[0,0]},"t":22,"s":[0,0]},{"i":{"x":[0.592,0.592],"y":[1,1]},"o":{"x":[0.417,0.417],"y":[0,0]},"t":26,"s":[100,100]},{"t":42,"s":[0,0]}],"ix":3},"r":{"a":0,"k":0,"ix":6},"o":{"a":0,"k":100,"ix":7},"sk":{"a":0,"k":0,"ix":4},"sa":{"a":0,"k":0,"ix":5},"nm":"Transform"}],"nm":"flake","np":3,"cix":2,"bm":0,"ix":1,"mn":"ADBE Vector Group","hd":false}],"ip":0,"op":120,"st":0,"bm":0},{"ddd":0,"ind":5,"ty":4,"nm":"flake-002","parent":7,"sr":1,"ks":{"o":{"a":0,"k":100,"ix":11},"r":{"a":0,"k":60,"ix":10},"p":{"a":0,"k":[-6,-322,0],"ix":2,"l":2},"a":{"a":0,"k":[0,0,0],"ix":1,"l":2},"s":{"a":0,"k":[100,100,100],"ix":6,"l":2}},"ao":0,"shapes":[{"ty":"gr","it":[{"d":1,"ty":"el","s":{"a":0,"k":[50,50],"ix":2},"p":{"a":0,"k":[0,0],"ix":3},"nm":"flake","mn":"ADBE Vector Shape - Ellipse","hd":false},{"ty":"fl","c":{"a":0,"k":[0.388235330582,0.737254917622,0.905882418156,1],"ix":4},"o":{"a":0,"k":100,"ix":5},"r":1,"bm":0,"nm":"flake-fill","mn":"ADBE Vector Graphic - Fill","hd":false},{"ty":"st","c":{"a":0,"k":[0.247058838606,0.211764723063,0.474509835243,1],"ix":3},"o":{"a":0,"k":100,"ix":4},"w":{"a":0,"k":35,"ix":5},"lc":1,"lj":1,"ml":4,"bm":0,"nm":"flake-stroke","mn":"ADBE Vector Graphic - Stroke","hd":false},{"ty":"tr","p":{"a":1,"k":[{"i":{"x":0.701,"y":0.881},"o":{"x":0.371,"y":0},"t":22,"s":[0,0],"to":[0,-6.474],"ti":[0,9.263]},{"i":{"x":0.525,"y":1},"o":{"x":0.394,"y":0.173},"t":30,"s":[0,-201.724],"to":[0,-109.726],"ti":[0,76.692]},{"t":43,"s":[0,-499]}],"ix":2},"a":{"a":0,"k":[0,0],"ix":1},"s":{"a":1,"k":[{"i":{"x":[0.53,0.53],"y":[1,1]},"o":{"x":[0.482,0.482],"y":[0,0]},"t":22,"s":[0,0]},{"i":{"x":[0.592,0.592],"y":[1,1]},"o":{"x":[0.417,0.417],"y":[0,0]},"t":30,"s":[100,100]},{"t":43,"s":[0,0]}],"ix":3},"r":{"a":0,"k":0,"ix":6},"o":{"a":0,"k":100,"ix":7},"sk":{"a":0,"k":0,"ix":4},"sa":{"a":0,"k":0,"ix":5},"nm":"Transform"}],"nm":"flake","np":3,"cix":2,"bm":0,"ix":1,"mn":"ADBE Vector Group","hd":false}],"ip":0,"op":120,"st":0,"bm":0},{"ddd":0,"ind":6,"ty":4,"nm":"flake-001","parent":7,"sr":1,"ks":{"o":{"a":0,"k":100,"ix":11},"r":{"a":0,"k":0,"ix":10},"p":{"a":0,"k":[-6,-322,0],"ix":2,"l":2},"a":{"a":0,"k":[0,0,0],"ix":1,"l":2},"s":{"a":0,"k":[100,100,100],"ix":6,"l":2}},"ao":0,"shapes":[{"ty":"gr","it":[{"d":1,"ty":"el","s":{"a":0,"k":[50,50],"ix":2},"p":{"a":0,"k":[0,0],"ix":3},"nm":"flake","mn":"ADBE Vector Shape - Ellipse","hd":false},{"ty":"fl","c":{"a":0,"k":[0.388235330582,0.737254917622,0.905882418156,1],"ix":4},"o":{"a":0,"k":100,"ix":5},"r":1,"bm":0,"nm":"flake-fill","mn":"ADBE Vector Graphic - Fill","hd":false},{"ty":"st","c":{"a":0,"k":[0.247058838606,0.211764723063,0.474509835243,1],"ix":3},"o":{"a":0,"k":100,"ix":4},"w":{"a":0,"k":35,"ix":5},"lc":1,"lj":1,"ml":4,"bm":0,"nm":"flake-stroke","mn":"ADBE Vector Graphic - Stroke","hd":false},{"ty":"tr","p":{"a":1,"k":[{"i":{"x":0.701,"y":0.881},"o":{"x":0.371,"y":0},"t":22,"s":[0,0],"to":[0,-6.474],"ti":[0,9.263]},{"i":{"x":0.525,"y":1},"o":{"x":0.394,"y":0.16},"t":30,"s":[0,-201.724],"to":[0,-109.726],"ti":[0,76.692]},{"t":42,"s":[0,-499]}],"ix":2},"a":{"a":0,"k":[0,0],"ix":1},"s":{"a":1,"k":[{"i":{"x":[0.53,0.53],"y":[1,1]},"o":{"x":[0.482,0.482],"y":[0,0]},"t":22,"s":[0,0]},{"i":{"x":[0.592,0.592],"y":[1,1]},"o":{"x":[0.417,0.417],"y":[0,0]},"t":30,"s":[100,100]},{"t":42,"s":[0,0]}],"ix":3},"r":{"a":0,"k":0,"ix":6},"o":{"a":0,"k":100,"ix":7},"sk":{"a":0,"k":0,"ix":4},"sa":{"a":0,"k":0,"ix":5},"nm":"Transform"}],"nm":"flake","np":3,"cix":2,"bm":0,"ix":1,"mn":"ADBE Vector Group","hd":false}],"ip":0,"op":120,"st":0,"bm":0},{"ddd":0,"ind":7,"ty":3,"nm":"flake-base","sr":1,"ks":{"o":{"a":0,"k":0,"ix":11},"r":{"a":0,"k":0,"ix":10},"p":{"a":0,"k":[1031,929.8,0],"ix":2,"l":2},"a":{"a":0,"k":[0,0,0],"ix":1,"l":2},"s":{"a":0,"k":[120.1,120.1,100],"ix":6,"l":2}},"ao":0,"ip":0,"op":120,"st":0,"bm":0},{"ddd":0,"ind":8,"ty":4,"nm":"hands","sr":1,"ks":{"o":{"a":0,"k":100,"ix":11},"r":{"a":0,"k":0,"ix":10},"p":{"a":0,"k":[960,1656,0],"ix":2,"l":2},"a":{"a":0,"k":[230.5,399.283,0],"ix":1,"l":2},"s":{"a":0,"k":[412.364,412.364,100],"ix":6,"l":2}},"ao":0,"hasMask":true,"masksProperties":[{"inv":false,"mode":"a","pt":{"a":0,"k":{"i":[[0,0],[0,0],[0,0],[0,0]],"o":[[0,0],[0,0],[0,0],[0,0]],"v":[[-2.163,-1.018],[-2.163,395.468],[462.963,395.468],[462.963,-1.018]],"c":true},"ix":1},"o":{"a":0,"k":100,"ix":3},"x":{"a":0,"k":0,"ix":4},"nm":"Mask 1"}],"shapes":[{"ty":"gr","it":[{"ty":"gr","it":[{"ty":"gr","it":[{"ind":0,"ty":"sh","ix":1,"ks":{"a":0,"k":{"i":[[0,0],[0,0],[-0.592,0],[-0.492,0.563],[0,0],[0,3.973],[3.578,3.111],[3.976,0],[3.13,-3.561],[0,0],[0,0],[3.764,0],[3.132,-3.842],[0,-3.765],[-3.851,-3.108]],"o":[[0,0],[0.461,0.372],[0.747,0],[0,0],[2.618,-2.987],[0,-4.743],[-3.001,-2.608],[-4.744,0],[0,0],[0,0],[-2.93,-2.361],[-4.959,0],[-2.376,2.922],[0,4.951],[0,0]],"v":[[-47.046,19.228],[-12.898,46.801],[-11.27,47.377],[-9.321,46.492],[49.076,-20.162],[53.141,-30.964],[47.504,-43.33],[36.681,-47.377],[24.288,-41.771],[-14.89,2.957],[-26.33,-6.287],[-36.679,-9.937],[-49.468,-3.862],[-53.141,6.477],[-47.045,19.228]],"c":true},"ix":2},"nm":"Path 1","mn":"ADBE Vector Shape - Group","hd":false},{"ind":1,"ty":"sh","ix":2,"ks":{"a":0,"k":{"i":[[0,0],[-3.399,0],[-2.008,-1.622],[0,0],[-0.592,0],[-0.492,0.562],[0,0],[-3.251,0],[-2.057,-1.786],[0,-3.243],[1.79,-2.042],[0,0],[0,0],[0,3.387],[-1.625,1.996]],"o":[[2.148,-2.636],[2.582,0],[0,0],[0.461,0.372],[0.747,0],[0,0],[2.145,-2.44],[2.725,0],[2.451,2.126],[0,2.716],[0,0],[0,0],[-2.635,-2.125],[0,-2.576],[0,0]],"v":[[-45.452,-0.598],[-36.684,-4.764],[-29.587,-2.26],[-16.209,8.548],[-14.581,9.124],[-12.632,8.239],[28.179,-38.351],[36.671,-42.192],[44.089,-39.42],[47.946,-30.962],[45.167,-23.578],[-11.588,41.199],[-43.797,15.193],[-47.967,6.474],[-45.452,-0.598]],"c":true},"ix":2},"nm":"Path 2","mn":"ADBE Vector Shape - Group","hd":false},{"ty":"mm","mm":1,"nm":"Merge Paths 1","mn":"ADBE Vector Filter - Merge","hd":false},{"ty":"fl","c":{"a":0,"k":[0.247099992341,0.211799995572,0.474499990426,1],"ix":4},"o":{"a":0,"k":100,"ix":5},"r":1,"bm":0,"nm":"Fill 1","mn":"ADBE Vector Graphic - Fill","hd":false},{"ty":"tr","p":{"a":0,"k":[230.404,136.381],"ix":2},"a":{"a":0,"k":[0,0],"ix":1},"s":{"a":0,"k":[100,100],"ix":3},"r":{"a":0,"k":0,"ix":6},"o":{"a":0,"k":100,"ix":7},"sk":{"a":0,"k":0,"ix":4},"sa":{"a":0,"k":0,"ix":5},"nm":"Transform"}],"nm":"Group 1","np":4,"cix":2,"bm":0,"ix":1,"mn":"ADBE Vector Group","hd":false},{"ty":"gr","it":[{"ind":0,"ty":"sh","ix":1,"ks":{"a":0,"k":{"i":[[0,0],[0,0],[0,0],[3.178,0],[0,-7.643],[-3.233,-2.627],[0,0],[0,0],[0,3.342],[7.646,0],[2.629,-3.018]],"o":[[0,0],[0,0],[-2.463,-2.004],[-7.643,0],[0,4.167],[0,0],[0,0],[2.193,-2.519],[0,-7.646],[-4.003,0],[0,0]],"v":[[26.242,-40.048],[-14.578,6.548],[-27.96,-4.26],[-36.687,-7.359],[-50.529,6.482],[-45.417,17.224],[-11.27,44.797],[47.125,-21.857],[50.529,-30.95],[36.682,-44.797],[26.24,-40.043]],"c":true},"ix":2},"nm":"Path 1","mn":"ADBE Vector Shape - Group","hd":false},{"ty":"fl","c":{"a":0,"k":[0.388200019388,0.737299960267,0.905900005266,1],"ix":4},"o":{"a":0,"k":100,"ix":5},"r":1,"bm":0,"nm":"Fill 1","mn":"ADBE Vector Graphic - Fill","hd":false},{"ty":"tr","p":{"a":0,"k":[230.4,136.371],"ix":2},"a":{"a":0,"k":[0,0],"ix":1},"s":{"a":0,"k":[100,100],"ix":3},"r":{"a":0,"k":0,"ix":6},"o":{"a":0,"k":100,"ix":7},"sk":{"a":0,"k":0,"ix":4},"sa":{"a":0,"k":0,"ix":5},"nm":"Transform"}],"nm":"Group 2","np":2,"cix":2,"bm":0,"ix":2,"mn":"ADBE Vector Group","hd":false},{"ty":"tr","p":{"a":0,"k":[227.954,140.652],"ix":2},"a":{"a":0,"k":[227.954,140.652],"ix":1},"s":{"a":1,"k":[{"i":{"x":[0.503,0.503],"y":[1,1]},"o":{"x":[0.5,0.5],"y":[0,0]},"t":14,"s":[0,0]},{"t":34,"s":[100,100]}],"ix":3},"r":{"a":1,"k":[{"i":{"x":[0.503],"y":[1]},"o":{"x":[0.5],"y":[0]},"t":14,"s":[-90]},{"t":34,"s":[0]}],"ix":6},"o":{"a":0,"k":100,"ix":7},"sk":{"a":0,"k":0,"ix":4},"sa":{"a":0,"k":0,"ix":5},"nm":"Transform"}],"nm":"Group Check","np":2,"cix":2,"bm":0,"ix":1,"mn":"ADBE Vector Group","hd":false},{"ty":"gr","it":[{"ind":0,"ty":"sh","ix":1,"ks":{"a":0,"k":{"i":[[0,0],[0,0],[0,1.43],[1.43,0],[0,0],[0,-1.43],[-1.43,0]],"o":[[0,0],[1.43,-0.001],[0,-1.43],[0,0],[-1.429,-0.001],[0,1.43],[0,0]],"v":[[-79.178,2.591],[79.177,2.591],[81.768,0],[79.177,-2.591],[-79.178,-2.591],[-81.768,0],[-79.177,2.591]],"c":true},"ix":2},"nm":"Path 1","mn":"ADBE Vector Shape - Group","hd":false},{"ty":"fl","c":{"a":0,"k":[0.247099992341,0.211799995572,0.474499990426,1],"ix":4},"o":{"a":0,"k":100,"ix":5},"r":1,"bm":0,"nm":"Fill 1","mn":"ADBE Vector Graphic - Fill","hd":false},{"ty":"tr","p":{"a":0,"k":[230.402,312.821],"ix":2},"a":{"a":0,"k":[0,0],"ix":1},"s":{"a":0,"k":[100,100],"ix":3},"r":{"a":0,"k":0,"ix":6},"o":{"a":0,"k":100,"ix":7},"sk":{"a":0,"k":0,"ix":4},"sa":{"a":0,"k":0,"ix":5},"nm":"Transform"}],"nm":"Group 1","np":2,"cix":2,"bm":0,"ix":2,"mn":"ADBE Vector Group","hd":false},{"ty":"gr","it":[{"ind":0,"ty":"sh","ix":1,"ks":{"a":0,"k":{"i":[[0,0],[0,0],[0,1.43],[1.43,0],[0,0],[0,-1.431],[-1.43,0]],"o":[[0,0],[1.43,-0.001],[0,-1.431],[0,0],[-1.429,-0.001],[0,1.43],[0,0]],"v":[[-79.178,2.591],[79.177,2.591],[81.768,0],[79.177,-2.591],[-79.178,-2.591],[-81.768,0],[-79.177,2.591]],"c":true},"ix":2},"nm":"Path 1","mn":"ADBE Vector Shape - Group","hd":false},{"ty":"fl","c":{"a":0,"k":[0.247099992341,0.211799995572,0.474499990426,1],"ix":4},"o":{"a":0,"k":100,"ix":5},"r":1,"bm":0,"nm":"Fill 1","mn":"ADBE Vector Graphic - Fill","hd":false},{"ty":"tr","p":{"a":0,"k":[230.402,279.906],"ix":2},"a":{"a":0,"k":[0,0],"ix":1},"s":{"a":0,"k":[100,100],"ix":3},"r":{"a":0,"k":0,"ix":6},"o":{"a":0,"k":100,"ix":7},"sk":{"a":0,"k":0,"ix":4},"sa":{"a":0,"k":0,"ix":5},"nm":"Transform"}],"nm":"Group 2","np":2,"cix":2,"bm":0,"ix":3,"mn":"ADBE Vector Group","hd":false},{"ty":"gr","it":[{"ind":0,"ty":"sh","ix":1,"ks":{"a":0,"k":{"i":[[0,0],[0,0],[0,1.43],[1.43,0],[0,0],[0,-1.43],[-1.43,0]],"o":[[0,0],[1.43,-0.001],[0,-1.43],[0,0],[-1.429,-0.001],[0,1.43],[0,0]],"v":[[-79.178,2.592],[79.177,2.592],[81.768,-0.001],[79.177,-2.592],[-79.178,-2.59],[-81.768,-0.001],[-79.177,2.59]],"c":true},"ix":2},"nm":"Path 1","mn":"ADBE Vector Shape - Group","hd":false},{"ty":"fl","c":{"a":0,"k":[0.247099992341,0.211799995572,0.474499990426,1],"ix":4},"o":{"a":0,"k":100,"ix":5},"r":1,"bm":0,"nm":"Fill 1","mn":"ADBE Vector Graphic - Fill","hd":false},{"ty":"tr","p":{"a":0,"k":[230.402,246.991],"ix":2},"a":{"a":0,"k":[0,0],"ix":1},"s":{"a":0,"k":[100,100],"ix":3},"r":{"a":0,"k":0,"ix":6},"o":{"a":0,"k":100,"ix":7},"sk":{"a":0,"k":0,"ix":4},"sa":{"a":0,"k":0,"ix":5},"nm":"Transform"}],"nm":"Group 3","np":2,"cix":2,"bm":0,"ix":4,"mn":"ADBE Vector Group","hd":false},{"ty":"gr","it":[{"ind":0,"ty":"sh","ix":1,"ks":{"a":0,"k":{"i":[[0,0],[0,0],[0,1.431],[1.43,0],[0,0],[0,-1.43],[-1.43,0]],"o":[[0,0],[1.43,0],[0,-1.43],[0,0],[-1.429,0],[0,1.431],[0,0]],"v":[[-79.178,2.591],[79.177,2.591],[81.768,0],[79.177,-2.591],[-79.178,-2.591],[-81.768,0],[-79.177,2.591]],"c":true},"ix":2},"nm":"Path 1","mn":"ADBE Vector Shape - Group","hd":false},{"ty":"fl","c":{"a":0,"k":[0.247099992341,0.211799995572,0.474499990426,1],"ix":4},"o":{"a":0,"k":100,"ix":5},"r":1,"bm":0,"nm":"Fill 1","mn":"ADBE Vector Graphic - Fill","hd":false},{"ty":"tr","p":{"a":0,"k":[230.402,214.078],"ix":2},"a":{"a":0,"k":[0,0],"ix":1},"s":{"a":0,"k":[100,100],"ix":3},"r":{"a":0,"k":0,"ix":6},"o":{"a":0,"k":100,"ix":7},"sk":{"a":0,"k":0,"ix":4},"sa":{"a":0,"k":0,"ix":5},"nm":"Transform"}],"nm":"Group 4","np":2,"cix":2,"bm":0,"ix":5,"mn":"ADBE Vector Group","hd":false},{"ty":"gr","it":[{"ind":0,"ty":"sh","ix":1,"ks":{"a":0,"k":{"i":[[0,0],[0,-1.43],[-1.43,0],[0,0],[0,1.43],[1.43,0]],"o":[[-1.43,-0.001],[0,1.43],[0,0],[1.43,-0.001],[0,-1.43],[0,0]],"v":[[-6.467,-2.59],[-9.058,-0.001],[-6.467,2.59],[6.467,2.592],[9.058,-0.001],[6.467,-2.592]],"c":true},"ix":2},"nm":"Path 1","mn":"ADBE Vector Shape - Group","hd":false},{"ty":"fl","c":{"a":0,"k":[0.247099992341,0.211799995572,0.474499990426,1],"ix":4},"o":{"a":0,"k":100,"ix":5},"r":1,"bm":0,"nm":"Fill 1","mn":"ADBE Vector Graphic - Fill","hd":false},{"ty":"tr","p":{"a":0,"k":[419.232,301.46],"ix":2},"a":{"a":0,"k":[0,0],"ix":1},"s":{"a":0,"k":[100,100],"ix":3},"r":{"a":0,"k":0,"ix":6},"o":{"a":0,"k":100,"ix":7},"sk":{"a":0,"k":0,"ix":4},"sa":{"a":0,"k":0,"ix":5},"nm":"Transform"}],"nm":"Group 5","np":2,"cix":2,"bm":0,"ix":6,"mn":"ADBE Vector Group","hd":false},{"ty":"gr","it":[{"ind":0,"ty":"sh","ix":1,"ks":{"a":0,"k":{"i":[[0,0],[0,0],[0,0],[4.26,4.742],[0,0],[0,0],[1.43,0],[0,0],[0,-1.43],[0,0],[0,0],[0.755,-8.106],[0,0],[0,0],[0,0],[0.002,-1.43],[0,0],[-1.43,0],[0,0],[0,0],[-1.43,0],[0,0],[0,0],[0,0],[0,0],[0,0],[0,0],[0,0],[0,1.43],[0,0],[0,0],[0,1.43],[0,0],[1.43,0.001]],"o":[[0,0],[0,0],[-0.755,-8.047],[0,0],[0,0],[-0.001,-1.43],[0,0],[-1.429,0.001],[0,0],[0,0],[-4.258,4.751],[0,0],[0,0],[0.001,-0.001],[-1.43,0],[0,0],[0,1.43],[0,0],[0,0],[0.001,1.429],[0,0],[0,0],[0,0],[0,0],[0,0],[0,0],[0,0],[1.43,-0.001],[0,0],[0,0],[1.43,-0.001],[0,0],[-0.001,-1.431],[0,0]],"v":[[214.454,25.079],[197.711,25.079],[192.364,-48.285],[182.355,-67.569],[128.066,-128.137],[128.066,-207.077],[125.474,-209.668],[-125.479,-209.669],[-128.069,-207.077],[-128.07,-128.137],[-182.356,-67.569],[-192.365,-48.229],[-197.705,25.079],[-214.453,25.079],[-214.452,25.078],[-217.043,27.666],[-217.043,72.585],[-214.452,75.175],[-210.591,75.177],[-210.591,207.078],[-207.999,209.668],[-109.402,209.668],[-109.402,204.486],[-109.402,112.084],[109.401,112.084],[109.401,204.486],[109.401,209.668],[207.999,209.669],[210.59,207.077],[210.591,75.18],[214.452,75.18],[217.043,72.589],[217.043,27.667],[214.452,25.075]],"c":true},"ix":2},"nm":"Path 1","mn":"ADBE Vector Shape - Group","hd":false},{"ind":1,"ty":"sh","ix":2,"ks":{"a":0,"k":{"i":[[0,0],[-0.614,-6.485],[0,0],[0,0],[-0.08,0.335],[0,0.2],[0.399,0.47],[0,0],[0,2.67],[-6.466,0],[-2.219,-2.46],[0,0],[0,0],[-0.759,0],[0,1.43],[0.399,0.469],[0,0],[0,0]],"o":[[3.728,4.155],[0,0],[0,0],[-19.703,-18.966],[0.044,-0.195],[0,-0.617],[0,0],[-1.674,-2.078],[0,-6.465],[3.313,0],[0,0],[0,0],[0.492,0.577],[1.431,0],[0,-0.616],[0,0],[0,0],[0,0]],"v":[[178.489,-64.115],[187.192,-47.857],[192.506,25.074],[134.09,25.074],[121.924,-27.121],[121.992,-27.716],[121.374,-29.399],[93.394,-62.227],[90.805,-69.57],[102.514,-81.278],[111.208,-77.412],[123.507,-62.981],[146.865,-35.581],[148.838,-34.671],[151.43,-37.262],[150.811,-38.943],[128.066,-65.61],[128.066,-120.377]],"c":true},"ix":2},"nm":"Path 2","mn":"ADBE Vector Shape - Group","hd":false},{"ind":2,"ty":"sh","ix":3,"ks":{"a":0,"k":{"i":[[0,0],[0,0],[0,0],[0,0],[4.933,0],[0,-9.324],[-2.591,-3.051],[0,0],[0,-4.973],[-0.09,-1.571],[-4.555,-8.117],[0,-0.032],[0,0],[0,0],[0.001,0],[0.002,-1.43],[0,0],[-1.43,0],[0,0],[0,0],[0,0],[0,0],[0,0],[0,1.43],[0,0],[1.43,0],[0,0],[0,0],[0,0],[0.026,0.142],[-0.367,9.33],[0,1.581],[0.891,4.884],[0,0],[0,4.003],[9.324,0],[3.206,-3.747],[0,0],[0,0]],"o":[[0,0],[0,0],[0,0],[-3.207,-3.747],[-9.324,0],[0,4.003],[0,0],[-0.894,4.887],[0,1.581],[0.368,9.299],[0,0.032],[0,0],[0,0],[-0.001,-0.001],[-1.43,0],[0,0],[0,1.43],[0,0],[0,0],[0,0],[0,0],[0,0],[1.431,-0.001],[0,0],[-0.001,-1.431],[0,0],[0,0],[0,0],[-0.001,-0.145],[4.575,-8.131],[0.084,-1.572],[0,-4.973],[0,0],[2.591,-3.051],[0,-9.324],[-4.933,0],[0,0],[0,0],[0,0]],"v":[[-122.888,-204.477],[122.887,-204.477],[122.887,-71.689],[115.144,-80.765],[102.313,-86.673],[85.427,-69.788],[89.443,-58.859],[116.604,-26.997],[115.25,-12.163],[115.39,-7.419],[122.896,19.093],[122.896,19.188],[122.896,25.08],[105.544,25.079],[105.539,25.078],[102.948,27.666],[102.948,72.585],[105.539,75.175],[109.401,75.177],[109.401,106.904],[-109.402,106.904],[-109.402,75.177],[-105.546,75.177],[-102.954,72.585],[-102.955,27.667],[-105.544,25.078],[-105.544,25.078],[-122.888,25.079],[-122.888,19.582],[-122.93,19.149],[-115.386,-7.42],[-115.252,-12.165],[-116.604,-26.996],[-89.448,-58.858],[-85.432,-69.788],[-102.317,-86.673],[-115.148,-80.765],[-122.89,-71.689],[-122.892,-204.477]],"c":true},"ix":2},"nm":"Path 3","mn":"ADBE Vector Shape - Group","hd":false},{"ind":3,"ty":"sh","ix":4,"ks":{"a":0,"k":{"i":[[0,0],[-3.728,4.16],[0,0],[0,0],[0,0],[0,-0.616],[-1.431,0],[-0.492,0.577],[0,0],[0,0],[-3.313,0],[0,-6.466],[1.674,-2.078],[0,0],[0,-0.616],[-0.046,-0.196],[19.746,-19.006],[0,0]],"o":[[0.619,-6.542],[0,0],[0,0],[0,0],[-0.398,0.469],[0,1.431],[0.759,0],[0,0],[0,0],[2.22,-2.458],[6.465,0],[0,2.67],[0,0],[-0.399,0.469],[0,0.201],[0.079,0.334],[0,0],[0,0]],"v":[[-187.209,-47.803],[-178.501,-64.118],[-128.077,-120.377],[-128.077,-65.61],[-150.816,-38.936],[-151.434,-37.255],[-148.842,-34.664],[-146.869,-35.575],[-123.506,-62.974],[-111.211,-77.402],[-102.516,-81.267],[-90.807,-69.558],[-93.396,-62.215],[-121.375,-29.393],[-121.994,-27.712],[-121.924,-27.113],[-134.089,25.08],[-192.512,25.079]],"c":true},"ix":2},"nm":"Path 4","mn":"ADBE Vector Shape - Group","hd":false},{"ind":4,"ty":"sh","ix":5,"ks":{"a":0,"k":{"i":[[0,0],[0,0],[0,0],[0,0],[0,-1.43],[-1.43,0],[0,0],[0,0],[0,0]],"o":[[0,0],[0,0],[0,0],[-1.429,-0.001],[0,1.43],[0,0],[0,0],[0,0],[0,0]],"v":[[-211.87,30.262],[-108.129,30.262],[-108.129,47.538],[-168.351,47.538],[-170.94,50.128],[-168.349,52.719],[-108.129,52.72],[-108.129,69.996],[-211.87,69.996]],"c":true},"ix":2},"nm":"Path 5","mn":"ADBE Vector Shape - Group","hd":false},{"ind":5,"ty":"sh","ix":6,"ks":{"a":0,"k":{"i":[[0,0],[0,0],[0,0],[0,0]],"o":[[0,0],[0,0],[0,0],[0,0]],"v":[[-205.613,204.491],[-205.613,75.182],[-114.584,75.182],[-114.584,204.491]],"c":true},"ix":2},"nm":"Path 6","mn":"ADBE Vector Shape - Group","hd":false},{"ind":6,"ty":"sh","ix":7,"ks":{"a":0,"k":{"i":[[0,0],[0,0],[0,0],[0,0]],"o":[[0,0],[0,0],[0,0],[0,0]],"v":[[114.583,204.491],[114.583,75.182],[205.407,75.182],[205.407,204.491]],"c":true},"ix":2},"nm":"Path 7","mn":"ADBE Vector Shape - Group","hd":false},{"ind":7,"ty":"sh","ix":8,"ks":{"a":0,"k":{"i":[[0,0],[0,0],[0,0],[0,1.43],[1.43,0],[0,0],[0,0],[0,0],[0,0]],"o":[[0,0],[0,0],[1.43,-0.001],[0,-1.43],[0,0],[0,0],[0,0],[0,0],[0,0]],"v":[[108.132,69.996],[108.132,52.721],[168.353,52.721],[170.944,50.129],[168.353,47.538],[108.132,47.539],[108.132,30.262],[211.863,30.262],[211.863,69.996]],"c":true},"ix":2},"nm":"Path 8","mn":"ADBE Vector Shape - Group","hd":false},{"ty":"mm","mm":1,"nm":"Merge Paths 1","mn":"ADBE Vector Filter - Merge","hd":false},{"ty":"fl","c":{"a":0,"k":[0.247099992341,0.211799995572,0.474499990426,1],"ix":4},"o":{"a":0,"k":100,"ix":5},"r":1,"bm":0,"nm":"Fill 1","mn":"ADBE Vector Graphic - Fill","hd":false},{"ty":"tr","p":{"a":0,"k":[230.4,251.331],"ix":2},"a":{"a":0,"k":[0,0],"ix":1},"s":{"a":0,"k":[100,100],"ix":3},"r":{"a":0,"k":0,"ix":6},"o":{"a":0,"k":100,"ix":7},"sk":{"a":0,"k":0,"ix":4},"sa":{"a":0,"k":0,"ix":5},"nm":"Transform"}],"nm":"Group 6","np":10,"cix":2,"bm":0,"ix":7,"mn":"ADBE Vector Group","hd":false},{"ty":"gr","it":[{"ind":0,"ty":"sh","ix":1,"ks":{"a":0,"k":{"i":[[0,0],[0,0],[0,1.43],[1.43,0],[0,0],[0,-1.43],[-1.43,0]],"o":[[0,0],[1.431,-0.001],[0,-1.43],[0,0],[-1.429,-0.001],[0,1.43],[0,0]],"v":[[-6.469,2.592],[6.467,2.592],[9.058,-0.001],[6.467,-2.592],[-6.469,-2.59],[-9.058,-0.001],[-6.467,2.59]],"c":true},"ix":2},"nm":"Path 1","mn":"ADBE Vector Shape - Group","hd":false},{"ty":"fl","c":{"a":0,"k":[0.247099992341,0.211799995572,0.474499990426,1],"ix":4},"o":{"a":0,"k":100,"ix":5},"r":1,"bm":0,"nm":"Fill 1","mn":"ADBE Vector Graphic - Fill","hd":false},{"ty":"tr","p":{"a":0,"k":[41.569,301.46],"ix":2},"a":{"a":0,"k":[0,0],"ix":1},"s":{"a":0,"k":[100,100],"ix":3},"r":{"a":0,"k":0,"ix":6},"o":{"a":0,"k":100,"ix":7},"sk":{"a":0,"k":0,"ix":4},"sa":{"a":0,"k":0,"ix":5},"nm":"Transform"}],"nm":"Group 7","np":2,"cix":2,"bm":0,"ix":8,"mn":"ADBE Vector Group","hd":false},{"ty":"gr","it":[{"ind":0,"ty":"sh","ix":1,"ks":{"a":0,"k":{"i":[[0,0],[0,0],[0,0],[0,0]],"o":[[0,0],[0,0],[0,0],[0,0]],"v":[[-5.615,-65.95],[5.615,-65.95],[5.615,65.95],[-5.615,65.95]],"c":true},"ix":2},"nm":"Path 1","mn":"ADBE Vector Shape - Group","hd":false},{"ty":"fl","c":{"a":0,"k":[0.388200019388,0.466699996649,0.905900005266,1],"ix":4},"o":{"a":0,"k":100,"ix":5},"r":1,"bm":0,"nm":"Fill 1","mn":"ADBE Vector Graphic - Fill","hd":false},{"ty":"tr","p":{"a":0,"k":[28.022,389.873],"ix":2},"a":{"a":0,"k":[0,0],"ix":1},"s":{"a":0,"k":[100,100],"ix":3},"r":{"a":0,"k":0,"ix":6},"o":{"a":0,"k":100,"ix":7},"sk":{"a":0,"k":0,"ix":4},"sa":{"a":0,"k":0,"ix":5},"nm":"Transform"}],"nm":"Group 8","np":2,"cix":2,"bm":0,"ix":9,"mn":"ADBE Vector Group","hd":false},{"ty":"gr","it":[{"ind":0,"ty":"sh","ix":1,"ks":{"a":0,"k":{"i":[[0,0],[0,0],[0,0],[0,0]],"o":[[0,0],[0,0],[0,0],[0,0]],"v":[[48.002,65.95],[-48.002,65.95],[-48.002,-65.95],[48.002,-65.95]],"c":true},"ix":2},"nm":"Path 1","mn":"ADBE Vector Shape - Group","hd":false},{"ty":"fl","c":{"a":0,"k":[0.388200019388,0.737299960267,0.905900005266,1],"ix":4},"o":{"a":0,"k":100,"ix":5},"r":1,"bm":0,"nm":"Fill 1","mn":"ADBE Vector Graphic - Fill","hd":false},{"ty":"tr","p":{"a":0,"k":[70.404,389.873],"ix":2},"a":{"a":0,"k":[0,0],"ix":1},"s":{"a":0,"k":[100,100],"ix":3},"r":{"a":0,"k":0,"ix":6},"o":{"a":0,"k":100,"ix":7},"sk":{"a":0,"k":0,"ix":4},"sa":{"a":0,"k":0,"ix":5},"nm":"Transform"}],"nm":"Group 9","np":2,"cix":2,"bm":0,"ix":10,"mn":"ADBE Vector Group","hd":false},{"ty":"gr","it":[{"ind":0,"ty":"sh","ix":1,"ks":{"a":0,"k":{"i":[[0,0],[0,0],[0,0],[0,0]],"o":[[0,0],[0,0],[0,0],[0,0]],"v":[[-5.615,-22.459],[5.615,-22.459],[5.615,22.459],[-5.615,22.459]],"c":true},"ix":2},"nm":"Path 1","mn":"ADBE Vector Shape - Group","hd":false},{"ty":"fl","c":{"a":0,"k":[0.439200008617,0.439200008617,0.439200008617,1],"ix":4},"o":{"a":0,"k":100,"ix":5},"r":1,"bm":0,"nm":"Fill 1","mn":"ADBE Vector Graphic - Fill","hd":false},{"ty":"tr","p":{"a":0,"k":[21.563,301.462],"ix":2},"a":{"a":0,"k":[0,0],"ix":1},"s":{"a":0,"k":[100,100],"ix":3},"r":{"a":0,"k":0,"ix":6},"o":{"a":0,"k":100,"ix":7},"sk":{"a":0,"k":0,"ix":4},"sa":{"a":0,"k":0,"ix":5},"nm":"Transform"}],"nm":"Group 10","np":2,"cix":2,"bm":0,"ix":11,"mn":"ADBE Vector Group","hd":false},{"ty":"gr","it":[{"ind":0,"ty":"sh","ix":1,"ks":{"a":0,"k":{"i":[[0,0],[0,0],[0,0],[0,0]],"o":[[0,0],[0,0],[0,0],[0,0]],"v":[[54.457,22.46],[-54.457,22.46],[-54.457,-22.46],[54.457,-22.46]],"c":true},"ix":2},"nm":"Path 1","mn":"ADBE Vector Shape - Group","hd":false},{"ty":"fl","c":{"a":0,"k":[0.619600004308,0.619600004308,0.619600004308,1],"ix":4},"o":{"a":0,"k":100,"ix":5},"r":1,"bm":0,"nm":"Fill 1","mn":"ADBE Vector Graphic - Fill","hd":false},{"ty":"tr","p":{"a":0,"k":[70.405,301.462],"ix":2},"a":{"a":0,"k":[0,0],"ix":1},"s":{"a":0,"k":[100,100],"ix":3},"r":{"a":0,"k":0,"ix":6},"o":{"a":0,"k":100,"ix":7},"sk":{"a":0,"k":0,"ix":4},"sa":{"a":0,"k":0,"ix":5},"nm":"Transform"}],"nm":"Group 11","np":2,"cix":2,"bm":0,"ix":12,"mn":"ADBE Vector Group","hd":false},{"ty":"gr","it":[{"ind":0,"ty":"sh","ix":1,"ks":{"a":0,"k":{"i":[[0,0],[0,0],[0,0],[0,0],[0.67,-6.991],[0,0],[0,0],[0,0],[-4.383,4.893]],"o":[[0,0],[0,0],[0,0],[-4.385,4.893],[0,0],[0,0],[0,0],[0.661,-6.988],[0,0]],"v":[[-8.806,-16.106],[34.91,-64.881],[34.91,-77.405],[-20.034,-16.106],[-29.392,1.694],[-34.91,77.405],[-23.681,77.405],[-18.163,1.695],[-8.806,-16.105]],"c":true},"ix":2},"nm":"Path 1","mn":"ADBE Vector Shape - Group","hd":false},{"ty":"fl","c":{"a":0,"k":[0.972500011968,0.439200008617,0.137300005146,1],"ix":4},"o":{"a":0,"k":100,"ix":5},"r":1,"bm":0,"nm":"Fill 1","mn":"ADBE Vector Graphic - Fill","hd":false},{"ty":"tr","p":{"a":0,"k":[70.011,201.597],"ix":2},"a":{"a":0,"k":[0,0],"ix":1},"s":{"a":0,"k":[100,100],"ix":3},"r":{"a":0,"k":0,"ix":6},"o":{"a":0,"k":100,"ix":7},"sk":{"a":0,"k":0,"ix":4},"sa":{"a":0,"k":0,"ix":5},"nm":"Transform"}],"nm":"Group 12","np":2,"cix":2,"bm":0,"ix":13,"mn":"ADBE Vector Group","hd":false},{"ty":"gr","it":[{"ind":0,"ty":"sh","ix":1,"ks":{"a":0,"k":{"i":[[0,0],[0,0],[0,0],[-4.187,0],[0,-7.894],[2.203,-2.585],[0,0],[22.015,-20.136],[0,0],[0,0],[-4.383,4.893]],"o":[[0,0],[0,0],[2.715,-3.183],[7.894,0],[0,3.398],[0,0],[0,0],[0,0],[0,0],[0.661,-6.988],[0,0]],"v":[[16.174,-77.405],[16.174,-14.914],[28.473,-29.344],[39.353,-34.365],[53.648,-20.071],[50.232,-10.799],[22.249,22.024],[8.585,77.405],[-53.648,77.405],[-48.129,1.695],[-38.772,-16.105]],"c":true},"ix":2},"nm":"Path 1","mn":"ADBE Vector Shape - Group","hd":false},{"ty":"fl","c":{"a":0,"k":[0.972500011968,0.686300000957,0.137300005146,1],"ix":4},"o":{"a":0,"k":100,"ix":5},"r":1,"bm":0,"nm":"Fill 1","mn":"ADBE Vector Graphic - Fill","hd":false},{"ty":"tr","p":{"a":0,"k":[88.748,201.597],"ix":2},"a":{"a":0,"k":[0,0],"ix":1},"s":{"a":0,"k":[100,100],"ix":3},"r":{"a":0,"k":0,"ix":6},"o":{"a":0,"k":100,"ix":7},"sk":{"a":0,"k":0,"ix":4},"sa":{"a":0,"k":0,"ix":5},"nm":"Transform"}],"nm":"Group 13","np":2,"cix":2,"bm":0,"ix":14,"mn":"ADBE Vector Group","hd":false},{"ty":"gr","it":[{"ind":0,"ty":"sh","ix":1,"ks":{"a":0,"k":{"i":[[0,0],[0,0],[0,0],[0,0]],"o":[[0,0],[0,0],[0,0],[0,0]],"v":[[-5.615,-65.95],[5.615,-65.95],[5.615,65.95],[-5.615,65.95]],"c":true},"ix":2},"nm":"Path 1","mn":"ADBE Vector Shape - Group","hd":false},{"ty":"fl","c":{"a":0,"k":[0.388200019388,0.886300000957,0.905900005266,1],"ix":4},"o":{"a":0,"k":100,"ix":5},"r":1,"bm":0,"nm":"Fill 1","mn":"ADBE Vector Graphic - Fill","hd":false},{"ty":"tr","p":{"a":0,"k":[432.777,389.873],"ix":2},"a":{"a":0,"k":[0,0],"ix":1},"s":{"a":0,"k":[100,100],"ix":3},"r":{"a":0,"k":0,"ix":6},"o":{"a":0,"k":100,"ix":7},"sk":{"a":0,"k":0,"ix":4},"sa":{"a":0,"k":0,"ix":5},"nm":"Transform"}],"nm":"Group 14","np":2,"cix":2,"bm":0,"ix":15,"mn":"ADBE Vector Group","hd":false},{"ty":"gr","it":[{"ind":0,"ty":"sh","ix":1,"ks":{"a":0,"k":{"i":[[0,0],[0,0],[0,0],[0,0]],"o":[[0,0],[0,0],[0,0],[0,0]],"v":[[-48.002,-65.95],[48.002,-65.95],[48.002,65.95],[-48.002,65.95]],"c":true},"ix":2},"nm":"Path 1","mn":"ADBE Vector Shape - Group","hd":false},{"ty":"fl","c":{"a":0,"k":[0.388200019388,0.737299960267,0.905900005266,1],"ix":4},"o":{"a":0,"k":100,"ix":5},"r":1,"bm":0,"nm":"Fill 1","mn":"ADBE Vector Graphic - Fill","hd":false},{"ty":"tr","p":{"a":0,"k":[390.396,389.873],"ix":2},"a":{"a":0,"k":[0,0],"ix":1},"s":{"a":0,"k":[100,100],"ix":3},"r":{"a":0,"k":0,"ix":6},"o":{"a":0,"k":100,"ix":7},"sk":{"a":0,"k":0,"ix":4},"sa":{"a":0,"k":0,"ix":5},"nm":"Transform"}],"nm":"Group 15","np":2,"cix":2,"bm":0,"ix":16,"mn":"ADBE Vector Group","hd":false},{"ty":"gr","it":[{"ind":0,"ty":"sh","ix":1,"ks":{"a":0,"k":{"i":[[0,0],[0,0],[0,0],[0,0]],"o":[[0,0],[0,0],[0,0],[0,0]],"v":[[-5.615,-22.459],[5.615,-22.459],[5.615,22.459],[-5.615,22.459]],"c":true},"ix":2},"nm":"Path 1","mn":"ADBE Vector Shape - Group","hd":false},{"ty":"fl","c":{"a":0,"k":[0.807799993777,0.807799993777,0.807799993777,1],"ix":4},"o":{"a":0,"k":100,"ix":5},"r":1,"bm":0,"nm":"Fill 1","mn":"ADBE Vector Graphic - Fill","hd":false},{"ty":"tr","p":{"a":0,"k":[439.238,301.462],"ix":2},"a":{"a":0,"k":[0,0],"ix":1},"s":{"a":0,"k":[100,100],"ix":3},"r":{"a":0,"k":0,"ix":6},"o":{"a":0,"k":100,"ix":7},"sk":{"a":0,"k":0,"ix":4},"sa":{"a":0,"k":0,"ix":5},"nm":"Transform"}],"nm":"Group 16","np":2,"cix":2,"bm":0,"ix":17,"mn":"ADBE Vector Group","hd":false},{"ty":"gr","it":[{"ind":0,"ty":"sh","ix":1,"ks":{"a":0,"k":{"i":[[0,0],[0,0],[0,0],[0,0]],"o":[[0,0],[0,0],[0,0],[0,0]],"v":[[-54.457,-22.459],[54.457,-22.459],[54.457,22.459],[-54.457,22.459]],"c":true},"ix":2},"nm":"Path 1","mn":"ADBE Vector Shape - Group","hd":false},{"ty":"fl","c":{"a":0,"k":[0.619600004308,0.619600004308,0.619600004308,1],"ix":4},"o":{"a":0,"k":100,"ix":5},"r":1,"bm":0,"nm":"Fill 1","mn":"ADBE Vector Graphic - Fill","hd":false},{"ty":"tr","p":{"a":0,"k":[390.396,301.462],"ix":2},"a":{"a":0,"k":[0,0],"ix":1},"s":{"a":0,"k":[100,100],"ix":3},"r":{"a":0,"k":0,"ix":6},"o":{"a":0,"k":100,"ix":7},"sk":{"a":0,"k":0,"ix":4},"sa":{"a":0,"k":0,"ix":5},"nm":"Transform"}],"nm":"Group 17","np":2,"cix":2,"bm":0,"ix":18,"mn":"ADBE Vector Group","hd":false},{"ty":"gr","it":[{"ind":0,"ty":"sh","ix":1,"ks":{"a":0,"k":{"i":[[0,0],[4.383,4.893],[0,0],[0,0],[0,0],[-0.67,-6.991],[0,0],[0,0]],"o":[[-0.661,-6.988],[0,0],[0,0],[0,0],[4.385,4.893],[0,0],[0,0],[0,0]],"v":[[29.391,1.693],[20.034,-16.106],[-34.911,-77.406],[-34.911,-64.575],[8.536,-16.104],[17.894,1.695],[23.412,77.406],[34.911,77.406]],"c":true},"ix":2},"nm":"Path 1","mn":"ADBE Vector Shape - Group","hd":false},{"ty":"fl","c":{"a":0,"k":[0.972500011968,0.827499988032,0.137300005146,1],"ix":4},"o":{"a":0,"k":100,"ix":5},"r":1,"bm":0,"nm":"Fill 1","mn":"ADBE Vector Graphic - Fill","hd":false},{"ty":"tr","p":{"a":0,"k":[390.792,201.598],"ix":2},"a":{"a":0,"k":[0,0],"ix":1},"s":{"a":0,"k":[100,100],"ix":3},"r":{"a":0,"k":0,"ix":6},"o":{"a":0,"k":100,"ix":7},"sk":{"a":0,"k":0,"ix":4},"sa":{"a":0,"k":0,"ix":5},"nm":"Transform"}],"nm":"Group 18","np":2,"cix":2,"bm":0,"ix":19,"mn":"ADBE Vector Group","hd":false},{"ty":"gr","it":[{"ind":0,"ty":"sh","ix":1,"ks":{"a":0,"k":{"i":[[0,0],[0,0],[0,0],[4.187,0],[0,-7.894],[-2.203,-2.585],[0,0],[-22.015,-20.136],[0,0],[0,0],[4.383,4.893]],"o":[[0,0],[0,0],[-2.715,-3.183],[-7.894,0],[0,3.398],[0,0],[0,0],[0,0],[0,0],[-0.661,-6.988],[0,0]],"v":[[-16.175,-77.408],[-16.175,-14.916],[-28.474,-29.347],[-39.354,-34.368],[-53.648,-20.074],[-50.233,-10.801],[-22.251,22.027],[-8.587,77.408],[53.648,77.408],[48.13,1.697],[38.772,-16.102]],"c":true},"ix":2},"nm":"Path 1","mn":"ADBE Vector Shape - Group","hd":false},{"ty":"fl","c":{"a":0,"k":[0.972500011968,0.686300000957,0.137300005146,1],"ix":4},"o":{"a":0,"k":100,"ix":5},"r":1,"bm":0,"nm":"Fill 1","mn":"ADBE Vector Graphic - Fill","hd":false},{"ty":"tr","p":{"a":0,"k":[372.055,201.6],"ix":2},"a":{"a":0,"k":[0,0],"ix":1},"s":{"a":0,"k":[100,100],"ix":3},"r":{"a":0,"k":0,"ix":6},"o":{"a":0,"k":100,"ix":7},"sk":{"a":0,"k":0,"ix":4},"sa":{"a":0,"k":0,"ix":5},"nm":"Transform"}],"nm":"Group 19","np":2,"cix":2,"bm":0,"ix":20,"mn":"ADBE Vector Group","hd":false},{"ty":"gr","it":[{"ind":0,"ty":"sh","ix":1,"ks":{"a":0,"k":{"i":[[0,0],[0,0],[0,0],[0,0]],"o":[[0,0],[0,0],[0,0],[0,0]],"v":[[-5.615,-158.283],[5.615,-158.283],[5.615,158.283],[-5.615,158.283]],"c":true},"ix":2},"nm":"Path 1","mn":"ADBE Vector Shape - Group","hd":false},{"ty":"fl","c":{"a":0,"k":[0.886300000957,0.886300000957,0.886300000957,1],"ix":4},"o":{"a":0,"k":100,"ix":5},"r":1,"bm":0,"nm":"Fill 1","mn":"ADBE Vector Graphic - Fill","hd":false},{"ty":"tr","p":{"a":0,"k":[350.266,202.547],"ix":2},"a":{"a":0,"k":[0,0],"ix":1},"s":{"a":0,"k":[100,100],"ix":3},"r":{"a":0,"k":0,"ix":6},"o":{"a":0,"k":100,"ix":7},"sk":{"a":0,"k":0,"ix":4},"sa":{"a":0,"k":0,"ix":5},"nm":"Transform"}],"nm":"Group 20","np":2,"cix":2,"bm":0,"ix":21,"mn":"ADBE Vector Group","hd":false},{"ty":"gr","it":[{"ind":0,"ty":"sh","ix":1,"ks":{"a":0,"k":{"i":[[0,0],[0,0],[0,0],[0,0]],"o":[[0,0],[0,0],[0,0],[0,0]],"v":[[-5.615,-158.283],[5.615,-158.283],[5.615,158.283],[-5.615,158.283]],"c":true},"ix":2},"nm":"Path 1","mn":"ADBE Vector Shape - Group","hd":false},{"ty":"fl","c":{"a":0,"k":[0.686300000957,0.686300000957,0.686300000957,1],"ix":4},"o":{"a":0,"k":100,"ix":5},"r":1,"bm":0,"nm":"Fill 1","mn":"ADBE Vector Graphic - Fill","hd":false},{"ty":"tr","p":{"a":0,"k":[110.536,202.547],"ix":2},"a":{"a":0,"k":[0,0],"ix":1},"s":{"a":0,"k":[100,100],"ix":3},"r":{"a":0,"k":0,"ix":6},"o":{"a":0,"k":100,"ix":7},"sk":{"a":0,"k":0,"ix":4},"sa":{"a":0,"k":0,"ix":5},"nm":"Transform"}],"nm":"Group 21","np":2,"cix":2,"bm":0,"ix":22,"mn":"ADBE Vector Group","hd":false},{"ty":"gr","it":[{"ind":0,"ty":"sh","ix":1,"ks":{"a":0,"k":{"i":[[0,0],[0,0],[0,0],[0,0]],"o":[[0,0],[0,0],[0,0],[0,0]],"v":[[-125.479,-158.283],[125.479,-158.283],[125.479,158.283],[-125.479,158.283]],"c":true},"ix":2},"nm":"Path 1","mn":"ADBE Vector Shape - Group","hd":false},{"ty":"fl","c":{"a":0,"k":[0.807799993777,0.807799993777,0.807799993777,1],"ix":4},"o":{"a":0,"k":100,"ix":5},"r":1,"bm":0,"nm":"Fill 1","mn":"ADBE Vector Graphic - Fill","hd":false},{"ty":"tr","p":{"a":0,"k":[230.401,202.547],"ix":2},"a":{"a":0,"k":[0,0],"ix":1},"s":{"a":0,"k":[100,100],"ix":3},"r":{"a":0,"k":0,"ix":6},"o":{"a":0,"k":100,"ix":7},"sk":{"a":0,"k":0,"ix":4},"sa":{"a":0,"k":0,"ix":5},"nm":"Transform"}],"nm":"Group 22","np":2,"cix":2,"bm":0,"ix":23,"mn":"ADBE Vector Group","hd":false},{"ty":"tr","p":{"a":1,"k":[{"i":{"x":0.496,"y":1},"o":{"x":0.506,"y":0},"t":0,"s":[230.1,701.6],"to":[0,-16.383],"ti":[0,0.472]},{"i":{"x":0.473,"y":1},"o":{"x":0.53,"y":0},"t":25,"s":[230.1,317.6],"to":[0,-14.312],"ti":[0,4.184]},{"i":{"x":0.464,"y":1},"o":{"x":0.539,"y":0},"t":47,"s":[230.1,377.6],"to":[0,-12.138],"ti":[0,5.365]},{"i":{"x":0.464,"y":1},"o":{"x":0.539,"y":0},"t":68,"s":[230.1,307.6],"to":[0,-2.501],"ti":[0,8.679]},{"t":89,"s":[230.1,337.6]}],"ix":2},"a":{"a":0,"k":[230,330],"ix":1},"s":{"a":0,"k":[100,100],"ix":3},"r":{"a":1,"k":[{"i":{"x":[0.422],"y":[1]},"o":{"x":[0.623],"y":[0.037]},"t":30,"s":[5]},{"i":{"x":[0.258],"y":[1]},"o":{"x":[0.816],"y":[0]},"t":65,"s":[-5]},{"i":{"x":[0.588],"y":[1]},"o":{"x":[0.484],"y":[0]},"t":75,"s":[-5]},{"t":89,"s":[0]}],"ix":6},"o":{"a":0,"k":100,"ix":7},"sk":{"a":0,"k":0,"ix":4},"sa":{"a":0,"k":0,"ix":5},"nm":"Transform"}],"nm":"Group Root","np":23,"cix":2,"bm":0,"ix":1,"mn":"ADBE Vector Group","hd":false}],"ip":0,"op":120,"st":0,"bm":0},{"ddd":0,"ind":9,"ty":4,"nm":"line","sr":1,"ks":{"o":{"a":0,"k":100,"ix":11},"r":{"a":0,"k":0,"ix":10},"p":{"a":0,"k":[960,960,0],"ix":2,"l":2},"a":{"a":0,"k":[230.5,230.5,0],"ix":1,"l":2},"s":{"a":1,"k":[{"i":{"x":[0.383,0.667,0.667],"y":[1,1,1]},"o":{"x":[0.619,0.333,0.333],"y":[0,0,0]},"t":0,"s":[0,412.364,100]},{"i":{"x":[0.833,0.833,0.833],"y":[1,1,1]},"o":{"x":[0.463,0.333,0.333],"y":[0,0,0]},"t":10,"s":[445.364,412.364,100]},{"i":{"x":[0.833,0.833,0.833],"y":[0.833,0.833,0.833]},"o":{"x":[0.167,0.167,0.167],"y":[0.167,0.167,0.167]},"t":64,"s":[445.364,412.364,100]},{"t":89,"s":[412.364,412.364,100]}],"ix":6,"l":2}},"ao":0,"shapes":[{"ty":"gr","it":[{"ind":0,"ty":"sh","ix":1,"ks":{"a":0,"k":{"i":[[0,0],[0,0],[-1.43,0],[0,0],[0,1.43],[0,0],[0,0],[0,0],[0,0],[0,0]],"o":[[0,0],[0.001,1.429],[0,0],[1.43,-0.001],[0,0],[0,0],[0,0],[0,0],[0,0],[0,0]],"v":[[-210.591,-2.589],[-210.591,-0.002],[-207.999,2.588],[208,2.589],[210.591,-0.003],[210.591,-2.589],[205.407,-2.589],[114.583,-2.589],[-114.584,-2.589],[-205.613,-2.589]],"c":true},"ix":2},"nm":"Path 1","mn":"ADBE Vector Shape - Group","hd":false},{"ty":"fl","c":{"a":0,"k":[0.247099992341,0.211799995572,0.474499990426,1],"ix":4},"o":{"a":0,"k":100,"ix":5},"r":1,"bm":0,"nm":"Fill 1","mn":"ADBE Vector Graphic - Fill","hd":false},{"ty":"tr","p":{"a":0,"k":[230.399,397.988],"ix":2},"a":{"a":0,"k":[0,0],"ix":1},"s":{"a":0,"k":[100,100],"ix":3},"r":{"a":0,"k":0,"ix":6},"o":{"a":0,"k":100,"ix":7},"sk":{"a":0,"k":0,"ix":4},"sa":{"a":0,"k":0,"ix":5},"nm":"Transform"}],"nm":"Group 1","np":2,"cix":2,"bm":0,"ix":1,"mn":"ADBE Vector Group","hd":false}],"ip":0,"op":120,"st":0,"bm":0},{"ddd":0,"ind":10,"ty":4,"nm":"dots","sr":1,"ks":{"o":{"a":0,"k":100,"ix":11},"r":{"a":0,"k":0,"ix":10},"p":{"a":0,"k":[960,960,0],"ix":2,"l":2},"a":{"a":0,"k":[230.5,230.5,0],"ix":1,"l":2},"s":{"a":0,"k":[412.364,412.364,100],"ix":6,"l":2}},"ao":0,"shapes":[{"ty":"gr","it":[{"ind":0,"ty":"sh","ix":1,"ks":{"a":0,"k":{"i":[[0,0],[0,0],[0,-1.43],[-1.43,0],[0,0],[0,1.43],[1.43,0]],"o":[[0,0],[-1.429,-0.001],[0,1.43],[0,0],[1.43,-0.001],[0,-1.43],[0,0]],"v":[[156.303,-2.59],[-156.305,-2.59],[-158.894,-0.001],[-156.303,2.59],[156.303,2.592],[158.894,-0.001],[156.303,-2.592]],"c":true},"ix":2},"nm":"Path 1","mn":"ADBE Vector Shape - Group","hd":false},{"ty":"fl","c":{"a":0,"k":[0.247099992341,0.211799995572,0.474499990426,1],"ix":4},"o":{"a":0,"k":100,"ix":5},"r":1,"bm":0,"nm":"Fill 1","mn":"ADBE Vector Graphic - Fill","hd":false},{"ty":"tr","p":{"a":0,"k":[230.401,416.945],"ix":2},"a":{"a":0,"k":[0,0],"ix":1},"s":{"a":1,"k":[{"i":{"x":[0.405,0.667],"y":[1,1]},"o":{"x":[0.601,0.333],"y":[0,0]},"t":0,"s":[0,100]},{"t":15,"s":[100,100]}],"ix":3},"r":{"a":0,"k":0,"ix":6},"o":{"a":0,"k":100,"ix":7},"sk":{"a":0,"k":0,"ix":4},"sa":{"a":0,"k":0,"ix":5},"nm":"Transform"}],"nm":"Group 1","np":2,"cix":2,"bm":0,"ix":1,"mn":"ADBE Vector Group","hd":false},{"ty":"gr","it":[{"ind":0,"ty":"sh","ix":1,"ks":{"a":0,"k":{"i":[[0,0],[0,0],[0,-1.43],[-1.43,0],[0,0],[0,1.43],[1.43,0]],"o":[[0,0],[-1.43,-0.001],[0,1.43],[0,0],[1.43,-0.001],[0,-1.43],[0,0]],"v":[[15.551,-2.59],[-15.55,-2.59],[-18.141,-0.001],[-15.55,2.59],[15.551,2.592],[18.141,-0.001],[15.55,-2.592]],"c":true},"ix":2},"nm":"Path 1","mn":"ADBE Vector Shape - Group","hd":false},{"ty":"fl","c":{"a":0,"k":[0.247099992341,0.211799995572,0.474499990426,1],"ix":4},"o":{"a":0,"k":100,"ix":5},"r":1,"bm":0,"nm":"Fill 1","mn":"ADBE Vector Graphic - Fill","hd":false},{"ty":"tr","p":{"a":0,"k":[419.87,416.945],"ix":2},"a":{"a":0,"k":[0,0],"ix":1},"s":{"a":1,"k":[{"i":{"x":[0.405,0.667],"y":[1,1]},"o":{"x":[0.601,0.333],"y":[0,0]},"t":0,"s":[0,100]},{"t":20,"s":[100,100]}],"ix":3},"r":{"a":0,"k":0,"ix":6},"o":{"a":0,"k":100,"ix":7},"sk":{"a":0,"k":0,"ix":4},"sa":{"a":0,"k":0,"ix":5},"nm":"Transform"}],"nm":"Group 2","np":2,"cix":2,"bm":0,"ix":2,"mn":"ADBE Vector Group","hd":false},{"ty":"gr","it":[{"ind":0,"ty":"sh","ix":1,"ks":{"a":0,"k":{"i":[[0,0],[0,0],[0,-1.43],[-1.431,0],[0,0],[0,1.43],[1.43,0]],"o":[[0,0],[-1.43,-0.001],[0,1.43],[0,0],[1.431,-0.001],[0,-1.43],[0,0]],"v":[[15.549,-2.59],[-15.551,-2.59],[-18.141,-0.001],[-15.55,2.59],[15.549,2.592],[18.141,-0.001],[15.55,-2.592]],"c":true},"ix":2},"nm":"Path 1","mn":"ADBE Vector Shape - Group","hd":false},{"ty":"fl","c":{"a":0,"k":[0.247099992341,0.211799995572,0.474499990426,1],"ix":4},"o":{"a":0,"k":100,"ix":5},"r":1,"bm":0,"nm":"Fill 1","mn":"ADBE Vector Graphic - Fill","hd":false},{"ty":"tr","p":{"a":0,"k":[40.929,416.945],"ix":2},"a":{"a":0,"k":[0,0],"ix":1},"s":{"a":1,"k":[{"i":{"x":[0.405,0.667],"y":[1,1]},"o":{"x":[0.601,0.333],"y":[0,0]},"t":0,"s":[0,100]},{"t":20,"s":[100,100]}],"ix":3},"r":{"a":0,"k":0,"ix":6},"o":{"a":0,"k":100,"ix":7},"sk":{"a":0,"k":0,"ix":4},"sa":{"a":0,"k":0,"ix":5},"nm":"Transform"}],"nm":"Group 3","np":2,"cix":2,"bm":0,"ix":3,"mn":"ADBE Vector Group","hd":false}],"ip":0,"op":120,"st":0,"bm":0}],"markers":[]}