{"v":"5.5.7","meta":{"g":"LottieFiles AE 0.1.20","a":"saeed boroo","k":"Truck, Sun,Landscape, car, moon","d":"Trans Gh","tc":"none"},"fr":29.9700012207031,"ip":0,"op":151.000006150356,"w":1280,"h":720,"nm":"Loading_main","ddd":0,"assets":[],"layers":[{"ddd":0,"ind":1,"ty":4,"nm":"Circle-loading","sr":1,"ks":{"o":{"a":0,"k":100,"ix":11},"r":{"a":0,"k":0,"ix":10},"p":{"a":0,"k":[648,386,0],"ix":2},"a":{"a":0,"k":[0,0,0],"ix":1},"s":{"a":0,"k":[128.608,128.608,100],"ix":6}},"ao":0,"shapes":[{"ty":"gr","it":[{"d":1,"ty":"el","s":{"a":0,"k":[778,778],"ix":2},"p":{"a":0,"k":[0,0],"ix":3},"nm":"Ellipse Path 1","mn":"ADBE Vector Shape - Ellipse","hd":false},{"ty":"st","c":{"a":0,"k":[0.901176422718,0.901176422718,0.901176422718,1],"ix":3},"o":{"a":0,"k":100,"ix":4},"w":{"a":0,"k":7,"ix":5},"lc":2,"lj":2,"bm":0,"d":[{"n":"d","nm":"dash","v":{"a":0,"k":300,"ix":1}},{"n":"o","nm":"offset","v":{"a":0,"k":0,"ix":7}}],"nm":"Stroke 1","mn":"ADBE Vector Graphic - Stroke","hd":false},{"ty":"tr","p":{"a":0,"k":[-11,129],"ix":2},"a":{"a":0,"k":[0,0],"ix":1},"s":{"a":0,"k":[107.063,107.063],"ix":3},"r":{"a":1,"k":[{"i":{"x":[0.833],"y":[0.833]},"o":{"x":[0.167],"y":[0.167]},"t":0,"s":[0]},{"t":150.000006109625,"s":[86.7]}],"ix":6},"o":{"a":0,"k":100,"ix":7},"sk":{"a":0,"k":0,"ix":4},"sa":{"a":0,"k":0,"ix":5},"nm":"Transform"}],"nm":"Ellipse 1","np":3,"cix":2,"bm":0,"ix":1,"mn":"ADBE Vector Group","hd":false}],"ip":0,"op":902.000036739213,"st":0,"bm":0},{"ddd":0,"ind":2,"ty":4,"nm":"Light L","parent":6,"sr":1,"ks":{"o":{"a":1,"k":[{"i":{"x":[0.833],"y":[1]},"o":{"x":[0.167],"y":[0]},"t":0,"s":[100]},{"i":{"x":[0.6],"y":[1]},"o":{"x":[0.167],"y":[0]},"t":4,"s":[0]},{"i":{"x":[0.6],"y":[1]},"o":{"x":[0.167],"y":[0.125]},"t":93,"s":[0]},{"i":{"x":[0.6],"y":[1]},"o":{"x":[0.167],"y":[0.152]},"t":96,"s":[100]},{"i":{"x":[0.6],"y":[1]},"o":{"x":[0.167],"y":[0.125]},"t":106,"s":[0]},{"t":109.000004439661,"s":[100]}],"ix":11},"r":{"a":0,"k":0,"ix":10},"p":{"a":0,"k":[785.357,283.393,0],"ix":2},"a":{"a":0,"k":[0,0,0],"ix":1},"s":{"a":0,"k":[-125,125.952,100],"ix":6}},"ao":0,"hasMask":true,"masksProperties":[{"inv":false,"mode":"a","pt":{"a":0,"k":{"i":[[29.76,-16.854],[-13.286,-5.066],[-29.59,16.758],[0,0]],"o":[[-12.947,7.332],[30.364,11.578],[2.645,-1.498],[0,0]],"v":[[-114.25,192.038],[-113.25,264.486],[-22.5,227.021],[-21.25,212.383]],"c":true},"ix":1},"o":{"a":0,"k":100,"ix":3},"x":{"a":0,"k":0,"ix":4},"nm":"Mask 1"}],"shapes":[{"ty":"gr","it":[{"ty":"rc","d":2,"s":{"a":0,"k":[112,48.5],"ix":2},"p":{"a":0,"k":[0,0],"ix":3},"r":{"a":0,"k":0,"ix":4},"nm":"Rectangle Path 1","mn":"ADBE Vector Shape - Rect","hd":false},{"ty":"gf","o":{"a":0,"k":100,"ix":10},"r":1,"bm":0,"g":{"p":3,"k":{"a":0,"k":[0,0.82,0.754,0.379,0.5,0.86,0.723,0.241,1,0.901,0.693,0.102,0,0,0.33,0.5,1,1],"ix":9}},"s":{"a":0,"k":[-23.396,-4.148],"ix":5},"e":{"a":0,"k":[130.373,1.452],"ix":6},"t":1,"nm":"Gradient Fill 1","mn":"ADBE Vector Graphic - G-Fill","hd":false},{"ty":"tr","p":{"a":0,"k":[-88,221.25],"ix":2},"a":{"a":0,"k":[0,0],"ix":1},"s":{"a":0,"k":[121.818,239.279],"ix":3},"r":{"a":0,"k":0,"ix":6},"o":{"a":0,"k":100,"ix":7},"sk":{"a":0,"k":0,"ix":4},"sa":{"a":0,"k":0,"ix":5},"nm":"Transform"}],"nm":"Rectangle 1","np":3,"cix":2,"bm":0,"ix":1,"mn":"ADBE Vector Group","hd":false}],"ip":0,"op":902.000036739213,"st":0,"bm":0},{"ddd":0,"ind":3,"ty":4,"nm":"Light R","parent":6,"sr":1,"ks":{"o":{"a":1,"k":[{"i":{"x":[0.833],"y":[1]},"o":{"x":[0.167],"y":[0]},"t":0,"s":[100]},{"i":{"x":[0.6],"y":[1]},"o":{"x":[0.167],"y":[0]},"t":4,"s":[0]},{"i":{"x":[0.6],"y":[1]},"o":{"x":[0.167],"y":[0.125]},"t":93,"s":[0]},{"i":{"x":[0.6],"y":[1]},"o":{"x":[0.167],"y":[0.152]},"t":96,"s":[100]},{"i":{"x":[0.6],"y":[1]},"o":{"x":[0.167],"y":[0.125]},"t":106,"s":[0]},{"t":109.000004439661,"s":[100]}],"ix":11},"r":{"a":0,"k":0,"ix":10},"p":{"a":0,"k":[612.857,283.393,0],"ix":2},"a":{"a":0,"k":[0,0,0],"ix":1},"s":{"a":0,"k":[-125,125.952,100],"ix":6}},"ao":0,"hasMask":true,"masksProperties":[{"inv":false,"mode":"a","pt":{"a":0,"k":{"i":[[29.76,-16.854],[-13.286,-5.066],[-29.59,16.758],[0,0]],"o":[[-12.947,7.332],[30.364,11.578],[2.645,-1.498],[0,0]],"v":[[-114.25,192.038],[-113.25,264.486],[-22.5,227.021],[-21.25,212.383]],"c":true},"ix":1},"o":{"a":0,"k":100,"ix":3},"x":{"a":0,"k":0,"ix":4},"nm":"Mask 1"}],"shapes":[{"ty":"gr","it":[{"ty":"rc","d":2,"s":{"a":0,"k":[112,48.5],"ix":2},"p":{"a":0,"k":[0,0],"ix":3},"r":{"a":0,"k":0,"ix":4},"nm":"Rectangle Path 1","mn":"ADBE Vector Shape - Rect","hd":false},{"ty":"gf","o":{"a":0,"k":100,"ix":10},"r":1,"bm":0,"g":{"p":3,"k":{"a":0,"k":[0,0.82,0.754,0.379,0.5,0.86,0.723,0.241,1,0.901,0.693,0.102,0,0,0.33,0.5,1,1],"ix":9}},"s":{"a":0,"k":[-23.396,-4.148],"ix":5},"e":{"a":0,"k":[130.373,1.452],"ix":6},"t":1,"nm":"Gradient Fill 1","mn":"ADBE Vector Graphic - G-Fill","hd":false},{"ty":"tr","p":{"a":0,"k":[-88,221.25],"ix":2},"a":{"a":0,"k":[0,0],"ix":1},"s":{"a":0,"k":[121.818,239.279],"ix":3},"r":{"a":0,"k":0,"ix":6},"o":{"a":0,"k":100,"ix":7},"sk":{"a":0,"k":0,"ix":4},"sa":{"a":0,"k":0,"ix":5},"nm":"Transform"}],"nm":"Rectangle 1","np":3,"cix":2,"bm":0,"ix":1,"mn":"ADBE Vector Group","hd":false}],"ip":0,"op":902.000036739213,"st":0,"bm":0},{"ddd":0,"ind":4,"ty":4,"nm":"Moon","sr":1,"ks":{"o":{"a":1,"k":[{"i":{"x":[0.833],"y":[0.833]},"o":{"x":[0.167],"y":[0.167]},"t":74,"s":[0]},{"i":{"x":[0.833],"y":[0.833]},"o":{"x":[0.167],"y":[0.167]},"t":77,"s":[100]},{"i":{"x":[0.833],"y":[0.833]},"o":{"x":[0.167],"y":[0.167]},"t":145,"s":[100]},{"t":148.000006028164,"s":[0]}],"ix":11},"r":{"a":1,"k":[{"i":{"x":[0.833],"y":[0.833]},"o":{"x":[0.167],"y":[0.167]},"t":74,"s":[-46]},{"t":148.000006028164,"s":[60]}],"ix":10},"p":{"a":0,"k":[631.5,630,0],"ix":2},"a":{"a":0,"k":[-134.944,-17.036,0],"ix":1},"s":{"a":0,"k":[327.231,327.231,100],"ix":6}},"ao":0,"hasMask":true,"masksProperties":[{"inv":false,"mode":"s","pt":{"a":0,"k":{"i":[[6.185,0],[0,-6.185],[-6.185,0],[0,6.185]],"o":[[-6.185,0],[0,6.185],[6.185,0],[0,-6.185]],"v":[[-130.553,-178.048],[-141.752,-166.85],[-130.553,-155.651],[-119.354,-166.85]],"c":true},"ix":1},"o":{"a":0,"k":100,"ix":3},"x":{"a":0,"k":0,"ix":4},"nm":"Mask 1"}],"shapes":[{"ty":"gr","it":[{"d":2,"ty":"el","s":{"a":0,"k":[23,23],"ix":2},"p":{"a":0,"k":[0,0],"ix":3},"nm":"Ellipse Path 1","mn":"ADBE Vector Shape - Ellipse","hd":false},{"ty":"fl","c":{"a":0,"k":[1,1,1,1],"ix":4},"o":{"a":0,"k":100,"ix":5},"r":1,"bm":0,"nm":"Fill 1","mn":"ADBE Vector Graphic - Fill","hd":false},{"ty":"tr","p":{"a":0,"k":[-138,-168],"ix":2},"a":{"a":0,"k":[0,0],"ix":1},"s":{"a":0,"k":[100,100],"ix":3},"r":{"a":0,"k":0,"ix":6},"o":{"a":0,"k":100,"ix":7},"sk":{"a":0,"k":0,"ix":4},"sa":{"a":0,"k":0,"ix":5},"nm":"Transform"}],"nm":"Ellipse 1","np":3,"cix":2,"bm":0,"ix":1,"mn":"ADBE Vector Group","hd":false}],"ip":74.0000030140818,"op":976.000039753295,"st":74.0000030140818,"bm":0},{"ddd":0,"ind":5,"ty":4,"nm":"Sun","sr":1,"ks":{"o":{"a":1,"k":[{"i":{"x":[0.833],"y":[0.833]},"o":{"x":[0.167],"y":[0.167]},"t":0,"s":[0]},{"i":{"x":[0.833],"y":[0.833]},"o":{"x":[0.167],"y":[0.167]},"t":3,"s":[100]},{"i":{"x":[0.833],"y":[0.833]},"o":{"x":[0.167],"y":[0.167]},"t":71,"s":[100]},{"t":74.0000030140818,"s":[0]}],"ix":11},"r":{"a":1,"k":[{"i":{"x":[0.833],"y":[0.833]},"o":{"x":[0.167],"y":[0.167]},"t":0,"s":[-46]},{"t":74.0000030140818,"s":[60]}],"ix":10},"p":{"a":0,"k":[631.5,630,0],"ix":2},"a":{"a":0,"k":[-134.944,-17.036,0],"ix":1},"s":{"a":0,"k":[327.231,327.231,100],"ix":6}},"ao":0,"shapes":[{"ty":"gr","it":[{"d":1,"ty":"el","s":{"a":0,"k":[23,23],"ix":2},"p":{"a":0,"k":[0,0],"ix":3},"nm":"Ellipse Path 1","mn":"ADBE Vector Shape - Ellipse","hd":false},{"ty":"fl","c":{"a":0,"k":[0.960784313725,0.725490196078,0.023529411765,1],"ix":4},"o":{"a":0,"k":100,"ix":5},"r":1,"bm":0,"nm":"Fill 1","mn":"ADBE Vector Graphic - Fill","hd":false},{"ty":"tr","p":{"a":0,"k":[-138,-168],"ix":2},"a":{"a":0,"k":[0,0],"ix":1},"s":{"a":0,"k":[100,100],"ix":3},"r":{"a":0,"k":0,"ix":6},"o":{"a":0,"k":100,"ix":7},"sk":{"a":0,"k":0,"ix":4},"sa":{"a":0,"k":0,"ix":5},"nm":"Transform"}],"nm":"Ellipse 1","np":3,"cix":2,"bm":0,"ix":1,"mn":"ADBE Vector Group","hd":false}],"ip":0,"op":902.000036739213,"st":0,"bm":0},{"ddd":0,"ind":6,"ty":4,"nm":"truck1 Outlines","sr":1,"ks":{"o":{"a":0,"k":100,"ix":11},"r":{"a":0,"k":0,"ix":10},"p":{"a":1,"k":[{"i":{"x":0.833,"y":0.833},"o":{"x":0.167,"y":0.167},"t":0,"s":[736,659,0],"to":[0,0,0],"ti":[0,0,0]},{"i":{"x":0.833,"y":0.833},"o":{"x":0.167,"y":0.167},"t":74,"s":[708,659,0],"to":[0,0,0],"ti":[0,0,0]},{"t":150.000006109625,"s":[736,659,0]}],"ix":2},"a":{"a":0,"k":[492.857,657.143,0],"ix":1},"s":{"a":1,"k":[{"i":{"x":[0.833,0.833,0.833],"y":[0.833,0.833,0.833]},"o":{"x":[0.167,0.167,0.167],"y":[0.167,0.167,0.167]},"t":0,"s":[-80,80,100]},{"i":{"x":[0.833,0.833,0.833],"y":[0.833,0.833,0.833]},"o":{"x":[0.167,0.167,0.167],"y":[0.167,0.167,0.167]},"t":5,"s":[-80,81,100]},{"i":{"x":[0.833,0.833,0.833],"y":[0.833,0.833,0.833]},"o":{"x":[0.167,0.167,0.167],"y":[0.167,0.167,0.167]},"t":11,"s":[-80,80,100]},{"i":{"x":[0.833,0.833,0.833],"y":[0.833,0.833,0.833]},"o":{"x":[0.167,0.167,0.167],"y":[0.167,0.167,0.167]},"t":16,"s":[-80,81,100]},{"i":{"x":[0.833,0.833,0.833],"y":[0.833,0.833,0.833]},"o":{"x":[0.167,0.167,0.167],"y":[0.167,0.167,0.167]},"t":23,"s":[-80,80,100]},{"i":{"x":[0.833,0.833,0.833],"y":[0.833,0.833,0.833]},"o":{"x":[0.167,0.167,0.167],"y":[0.167,0.167,0.167]},"t":28,"s":[-80,81,100]},{"i":{"x":[0.833,0.833,0.833],"y":[0.833,0.833,0.833]},"o":{"x":[0.167,0.167,0.167],"y":[0.167,0.167,0.167]},"t":38,"s":[-80,80,100]},{"i":{"x":[0.833,0.833,0.833],"y":[0.833,0.833,0.833]},"o":{"x":[0.167,0.167,0.167],"y":[0.167,0.167,0.167]},"t":43,"s":[-80,81,100]},{"i":{"x":[0.833,0.833,0.833],"y":[0.833,0.833,0.833]},"o":{"x":[0.167,0.167,0.167],"y":[0.167,0.167,0.167]},"t":49,"s":[-80,80,100]},{"i":{"x":[0.833,0.833,0.833],"y":[0.833,0.833,0.833]},"o":{"x":[0.167,0.167,0.167],"y":[0.167,0.167,0.167]},"t":54,"s":[-80,81,100]},{"i":{"x":[0.833,0.833,0.833],"y":[0.833,0.833,0.833]},"o":{"x":[0.167,0.167,0.167],"y":[0.167,0.167,0.167]},"t":59,"s":[-80,80,100]},{"i":{"x":[0.833,0.833,0.833],"y":[0.833,0.833,0.833]},"o":{"x":[0.167,0.167,0.167],"y":[0.167,0.167,0.167]},"t":64,"s":[-80,81,100]},{"i":{"x":[0.833,0.833,0.833],"y":[0.833,0.833,0.833]},"o":{"x":[0.167,0.167,0.167],"y":[0.167,0.167,0.167]},"t":69,"s":[-80,80,100]},{"i":{"x":[0.833,0.833,0.833],"y":[0.833,0.833,0.833]},"o":{"x":[0.167,0.167,0.167],"y":[0.167,0.167,0.167]},"t":74,"s":[-80,81,100]},{"i":{"x":[0.833,0.833,0.833],"y":[0.833,0.833,0.833]},"o":{"x":[0.167,0.167,0.167],"y":[0.167,0.167,0.167]},"t":80,"s":[-80,80,100]},{"i":{"x":[0.833,0.833,0.833],"y":[0.833,0.833,0.833]},"o":{"x":[0.167,0.167,0.167],"y":[0.167,0.167,0.167]},"t":85,"s":[-80,81,100]},{"i":{"x":[0.833,0.833,0.833],"y":[0.833,0.833,0.833]},"o":{"x":[0.167,0.167,0.167],"y":[0.167,0.167,0.167]},"t":92,"s":[-80,80,100]},{"i":{"x":[0.833,0.833,0.833],"y":[0.833,0.833,0.833]},"o":{"x":[0.167,0.167,0.167],"y":[0.167,0.167,0.167]},"t":97,"s":[-80,81,100]},{"i":{"x":[0.833,0.833,0.833],"y":[0.833,0.833,0.833]},"o":{"x":[0.167,0.167,0.167],"y":[0.167,0.167,0.167]},"t":107,"s":[-80,80,100]},{"i":{"x":[0.833,0.833,0.833],"y":[0.833,0.833,0.833]},"o":{"x":[0.167,0.167,0.167],"y":[0.167,0.167,0.167]},"t":112,"s":[-80,81,100]},{"i":{"x":[0.833,0.833,0.833],"y":[0.833,0.833,0.833]},"o":{"x":[0.167,0.167,0.167],"y":[0.167,0.167,0.167]},"t":118,"s":[-80,80,100]},{"i":{"x":[0.833,0.833,0.833],"y":[0.833,0.833,0.833]},"o":{"x":[0.167,0.167,0.167],"y":[0.167,0.167,0.167]},"t":123,"s":[-80,81,100]},{"i":{"x":[0.833,0.833,0.833],"y":[0.833,0.833,0.833]},"o":{"x":[0.167,0.167,0.167],"y":[0.167,0.167,0.167]},"t":128,"s":[-80,80,100]},{"i":{"x":[0.833,0.833,0.833],"y":[0.833,0.833,0.833]},"o":{"x":[0.167,0.167,0.167],"y":[0.167,0.167,0.167]},"t":133,"s":[-80,81,100]},{"i":{"x":[0.833,0.833,0.833],"y":[0.833,0.833,0.833]},"o":{"x":[0.167,0.167,0.167],"y":[0.167,0.167,0.167]},"t":137,"s":[-80,80,100]},{"i":{"x":[0.833,0.833,0.833],"y":[0.833,0.833,0.833]},"o":{"x":[0.167,0.167,0.167],"y":[0.167,0.167,0.167]},"t":142,"s":[-80,81,100]},{"i":{"x":[0.833,0.833,0.833],"y":[0.833,0.833,0.833]},"o":{"x":[0.167,0.167,0.167],"y":[0.167,0.167,0.167]},"t":147,"s":[-80,80,100]},{"t":152.000006191087,"s":[-80,81,100]}],"ix":6}},"ao":0,"shapes":[{"ty":"gr","it":[{"ind":0,"ty":"sh","ix":1,"ks":{"a":0,"k":{"i":[[21.347,0.366],[10.984,0.143],[4.145,0.053],[-1.127,3.72],[0,0],[0,0],[-0.031,1.057],[0.9,7.439],[0,0],[0,0],[0,0],[0,0],[0,0],[-0.963,0.021],[-38.955,1.068],[-3.021,-3.994],[3.189,0.089]],"o":[[-10.672,-0.223],[-4.112,-0.06],[1.551,-3.171],[0,0],[0,0],[0.714,0],[0.209,-7.423],[0,0],[0,0],[0,0],[0,0],[0,0],[0.581,0.676],[10.798,-0.239],[1.881,5.793],[-3.13,-0.091],[-19.568,-0.528]],"v":[[135.553,170.246],[103.046,169.742],[90.644,169.578],[94.69,159.231],[73.895,159.231],[67.171,159.231],[68.596,140.981],[67.748,118.565],[99.035,126.985],[99.035,152.048],[73.895,159.231],[86.263,158.148],[110.058,158.148],[112.458,159.231],[199.119,157.086],[206.57,171.904],[197.102,171.633]],"c":true},"ix":2},"nm":"Path 1","mn":"ADBE Vector Shape - Group","hd":false},{"ind":1,"ty":"sh","ix":2,"ks":{"a":0,"k":{"i":[[5.554,-0.046],[5.492,-0.075],[1.425,-0.02],[-0.602,2.818],[0,0],[-1.642,-2.066],[3.834,-0.039]],"o":[[-5.553,0.074],[-1.429,0.018],[0.906,-2.45],[0,0],[1.274,2.851],[-3.853,0.026],[-5.603,0.048]],"v":[[-82.907,169.496],[-99.478,169.719],[-103.739,169.777],[-101.461,161.859],[-59.025,161.859],[-54.624,169.265],[-66.169,169.357]],"c":true},"ix":2},"nm":"Path 2","mn":"ADBE Vector Shape - Group","hd":false},{"ind":2,"ty":"sh","ix":3,"ks":{"a":0,"k":{"i":[[0,0],[0,0],[-0.881,-1.077],[0,0]],"o":[[0,0],[0.769,1.357],[0,0],[0,0]],"v":[[-237.585,175.728],[-225.512,175.728],[-223.03,179.383],[-237.585,179.383]],"c":true},"ix":2},"nm":"Path 3","mn":"ADBE Vector Shape - Group","hd":false},{"ind":3,"ty":"sh","ix":4,"ks":{"a":0,"k":{"i":[[0,13.956],[-7.051,0],[0,-13.957],[7.052,0]],"o":[[0,-13.957],[7.052,0],[0,13.956],[-7.051,0]],"v":[[-225.504,150.208],[-212.736,124.938],[-199.967,150.208],[-212.736,175.476]],"c":true},"ix":2},"nm":"Path 4","mn":"ADBE Vector Shape - Group","hd":false},{"ind":4,"ty":"sh","ix":5,"ks":{"a":0,"k":{"i":[[-10.362,0],[-3.373,-6.361],[3.94,0],[0,-20.313],[-3.549,-6.692],[0,12.588]],"o":[[5.051,0],[-3.019,-4.066],[-10.364,0],[0,10.413],[-4.922,-6.63],[0,-20.313]],"v":[[-178.53,109.128],[-165.525,119.404],[-176.138,112.952],[-194.903,149.732],[-189.143,176.231],[-197.293,145.905]],"c":true},"ix":2},"nm":"Path 5","mn":"ADBE Vector Shape - Group","hd":false},{"ind":5,"ty":"sh","ix":6,"ks":{"a":0,"k":{"i":[[0,15.144],[-7.878,0],[0,-15.14],[7.878,0]],"o":[[0,-15.14],[7.878,0],[0,15.144],[-7.878,0]],"v":[[-189.663,149.477],[-175.398,122.06],[-161.133,149.477],[-175.398,176.897]],"c":true},"ix":2},"nm":"Path 6","mn":"ADBE Vector Shape - Group","hd":false},{"ind":6,"ty":"sh","ix":7,"ks":{"a":0,"k":{"i":[[-1.085,0],[-5.35,-8.627],[6.252,0],[2.088,-0.777],[0,0],[0,-21.341],[-2.696,-7.501],[0.564,0.002],[0,11.643],[-7.655,9.029],[0,0]],"o":[[8.014,0],[-4.79,-5.516],[-2.228,0],[0,0],[-11.247,7.126],[0,9.396],[-0.564,-0.002],[-3.992,-8.486],[0,-16.877],[0,0],[0,0]],"v":[[38.203,88.362],[58.836,102.304],[41.995,93.553],[35.51,94.753],[31.471,96.771],[12.224,143.439],[16.499,169.089],[14.808,169.085],[8.43,138.25],[21.092,97.434],[-165.525,109.398]],"c":true},"ix":2},"nm":"Path 7","mn":"ADBE Vector Shape - Group","hd":false},{"ind":7,"ty":"sh","ix":8,"ks":{"a":0,"k":{"i":[[10.444,0],[0,20.076],[-10.447,0],[0,-20.076]],"o":[[-10.447,0],[0,-20.076],[10.444,0],[0,20.076]],"v":[[40.021,176.897],[21.107,140.547],[40.021,104.195],[58.933,140.547]],"c":true},"ix":2},"nm":"Path 8","mn":"ADBE Vector Shape - Group","hd":false},{"ind":8,"ty":"sh","ix":9,"ks":{"a":0,"k":{"i":[[-0.811,-1.307],[0.734,1.032],[0,0]],"o":[[-0.792,-0.911],[0,0],[0.719,1.451]],"v":[[21.364,179.383],[19.081,176.45],[19.081,175.223]],"c":true},"ix":2},"nm":"Path 9","mn":"ADBE Vector Shape - Group","hd":false},{"ind":9,"ty":"sh","ix":10,"ks":{"a":0,"k":{"i":[[0,0],[-1.714,0],[0,0],[0,-1.714],[0,0],[1.711,0],[0,0],[0,1.714]],"o":[[0,-1.714],[0,0],[1.711,0],[0,0],[0,1.714],[0,0],[-1.714,0],[0,0]],"v":[[124.091,78.612],[127.193,75.513],[155.197,75.513],[158.297,78.612],[158.297,93.107],[155.197,96.209],[127.193,96.209],[124.091,93.107]],"c":true},"ix":2},"nm":"Path 10","mn":"ADBE Vector Shape - Group","hd":false},{"ind":10,"ty":"sh","ix":11,"ks":{"a":0,"k":{"i":[[0,0],[0,0],[0,0],[0,0]],"o":[[0,0],[0,0],[0,0],[0,0]],"v":[[186.719,78.612],[276.204,78.612],[276.204,93.083],[186.719,93.083]],"c":true},"ix":2},"nm":"Path 11","mn":"ADBE Vector Shape - Group","hd":false},{"ind":11,"ty":"sh","ix":12,"ks":{"a":0,"k":{"i":[[5.336,0.387],[9.96,0.524],[13.876,0.645],[12.723,0.511],[-2.221,7.814],[0.085,-0.003],[-3.835,0.622],[0,0],[0,0],[0,0],[0,1.714],[0,0],[-1.711,0],[0,0],[0,0],[0.363,0.494],[0,0],[0,0],[0,0],[1.133,-0.013],[0,0],[0.382,0.608],[0,0],[0,0],[-1.93,0.039],[0,0],[-4.188,0.091],[0,0],[0,0],[0,0],[0,0],[0,0],[0,0],[0,0],[0,0],[0,0],[0,0],[0,0],[0,0],[0,0],[0,0],[0,0],[0,0],[0,0],[0,0],[4.189,-0.054],[0,0],[8.377,-0.126],[8.375,-0.225],[0,0],[0,0],[0,0],[4.784,-0.586],[0,0],[4.778,-0.622],[0,0],[0,0],[4.771,-0.678],[4.77,-0.705],[-4.809,0.315],[-4.807,0.342],[0,0],[0,0],[-4.8,0.394],[0,0],[-4.799,0.422],[0,0],[-2.08,0.01],[0,0],[0,0],[0,0],[1.437,4.862],[3.808,4.772],[7.985,0],[4.992,-5.454],[0,0],[0,0],[0,0],[0,0],[0,0],[0,0],[0,0],[0,0],[0,0],[0,0],[0,0],[0,0],[0,0],[0,0],[0,0],[0,0],[0,0],[0,0],[0,0],[0,0],[0,0],[0,0],[0,0],[0,0],[0,0],[0,0],[-0.052,0],[-3.149,-5.937],[3.677,0],[0.688,-0.163],[0,0],[0,0],[0,-16.737],[-3.313,-6.245],[0,11.75],[-5.206,5.951],[0,0],[0,0],[0,0],[0,0],[0,0],[0,0],[0,0],[0,0],[-4.159,-2.057],[6.397,-0.308],[9.962,-0.564],[5.335,-0.331],[0,0],[-5.337,-0.388],[-9.961,-0.529],[-13.874,-0.652],[-17.078,-0.653],[-19.568,-0.546],[-21.346,-0.368],[-10.985,-0.151],[-5.553,-0.074],[-5.603,-0.046],[-22.769,-0.056],[-16.685,0.105],[0,0],[-0.697,0.079],[-0.567,0.006],[-10.986,0.157],[-10.672,0.222],[-19.568,0.529],[-17.076,0.636],[-13.874,0.668],[-9.962,0.558],[-5.337,0.327],[0,0]],"o":[[-5.337,-0.327],[-9.962,-0.557],[-10.75,-0.52],[4.151,-4.725],[-0.085,0.004],[17.774,-0.7],[16.224,-2.64],[0,0],[0,0],[-1.711,0],[0,0],[0,-1.714],[0,0],[0,0],[-0.025,-0.612],[0,0],[0,0],[0,0],[0,1.133],[0,0],[-0.717,0.008],[0,0],[0,0],[1.929,-0.026],[0,0],[4.188,-0.054],[0,0],[0,0],[0,0],[0,0],[0,0],[0,0],[0,0],[0,0],[0,0],[0,0],[0,0],[0,0],[0,0],[0,0],[0,0],[0,0],[0,0],[0,0],[-4.189,0.014],[0,0],[-8.377,0.046],[-8.375,0.155],[0,0],[0,0],[0,0],[-4.785,0.548],[0,0],[-4.784,0.578],[0,0],[0,0],[-4.778,0.629],[-4.776,0.655],[4.815,-0.269],[4.811,-0.295],[0,0],[0,0],[4.805,-0.348],[0,0],[4.802,-0.386],[0,0],[2.08,0.002],[-6.887,2.702],[0,0],[0,0],[-0.62,-5.051],[-1.718,-5.818],[-4.813,-6.03],[-6.318,0],[0,0],[0,0],[0,0],[0,0],[0,0],[0,0],[0,0],[0,0],[0,0],[0,0],[0,0],[0,0],[0,0],[0,0],[0,0],[0,0],[0,0],[0,0],[0,0],[0,0],[0,0],[0,0],[0,0],[0,0],[0,0],[0,0],[0.053,-0.002],[4.714,0],[-2.819,-3.795],[-0.712,0],[0,0],[0,0],[-8.086,3.041],[0,9.722],[-4.594,-6.187],[0,-12.667],[0,0],[0,0],[0,0],[0,0],[0,0],[0,0],[0,0],[0,0],[2.716,6.076],[-7.118,0.307],[-13.874,0.651],[-9.961,0.527],[-5.337,0.387],[0,0],[5.335,0.331],[9.962,0.563],[13.875,0.672],[17.077,0.637],[19.568,0.524],[10.674,0.225],[5.492,0.074],[5.554,0.045],[22.413,0.231],[16.829,-0.044],[0,0],[0.707,0],[0.566,-0.004],[11.207,-0.068],[10.984,-0.142],[21.347,-0.368],[19.567,-0.542],[17.079,-0.65],[13.876,-0.646],[9.96,-0.524],[5.336,-0.384],[0,0]],"v":[[357.911,178.793],[334.786,177.34],[298.852,175.413],[263.548,173.864],[273.31,154.716],[273.049,154.726],[307.766,152.707],[321.878,136.878],[320.174,96.209],[299.794,96.209],[296.694,93.107],[296.694,78.612],[299.794,75.513],[319.306,75.513],[318.876,65.267],[318.282,63.569],[307.766,49.16],[288.594,49.16],[288.594,60.965],[286.549,63.032],[171.34,64.315],[169.569,63.352],[160.601,49.16],[158.45,49.16],[164.238,49.08],[189.366,48.674],[201.929,48.401],[214.49,48.106],[227.053,47.794],[239.615,47.407],[252.175,47.017],[264.737,46.541],[277.296,46.047],[289.855,45.482],[302.414,44.85],[314.971,44.12],[302.4,43.705],[289.828,43.387],[277.258,43.138],[264.691,42.958],[252.121,42.797],[239.554,42.723],[226.99,42.652],[214.422,42.652],[201.857,42.673],[189.291,42.716],[164.16,42.939],[139.032,43.287],[113.906,43.74],[113.741,43.744],[113.65,43.754],[99.289,45.371],[84.93,47.011],[70.58,48.73],[56.233,50.487],[41.894,52.31],[27.561,54.215],[13.239,56.195],[-1.074,58.3],[13.369,57.489],[27.799,56.555],[42.221,55.542],[56.636,54.451],[71.041,53.293],[85.447,52.1],[99.842,50.824],[114.079,49.541],[120.319,49.51],[109.295,70.263],[109.295,115.989],[67.726,118.379],[64.709,103.47],[56.715,87.148],[36.337,75.513],[19.131,84.117],[-7.895,86.668],[-7.895,86.253],[-7.895,-46.061],[0.204,-108.168],[19.648,-182.696],[24.508,-186.652],[-18.697,-189.716],[-353.19,-54.68],[-297.927,-73.48],[-302.859,58.904],[-291.355,-75.715],[-292.601,-75.292],[-18.697,-168.467],[-15.346,58.3],[-16.012,53.174],[-307.086,96.209],[-15.27,63.491],[-14.916,87.331],[-202.094,106.361],[-240.073,110.221],[-253.486,111.586],[-287.403,115.034],[-307.086,117.034],[-307.086,121.82],[-214.962,113.595],[-214.962,113.605],[-214.807,113.589],[-202.668,123.183],[-212.575,117.161],[-214.673,117.431],[-214.651,117.718],[-215.892,117.794],[-230.092,151.494],[-224.715,176.231],[-232.323,147.924],[-223.609,118.273],[-307.086,123.437],[-307.086,123.589],[-366.094,127.529],[-307.086,127.237],[-307.086,154.839],[-291.965,155.919],[-288.183,161.859],[-285.51,161.859],[-274.979,174.464],[-295.286,175.39],[-331.219,177.329],[-354.343,178.791],[-362.527,179.383],[-354.343,179.979],[-331.219,181.44],[-295.286,183.378],[-248.679,185.375],[-193.535,187.168],[-131.987,188.551],[-99.478,189.051],[-82.907,189.273],[-66.169,189.411],[1.783,189.716],[52.125,189.539],[65.927,189.539],[68.032,189.408],[69.735,189.396],[103.046,189.028],[135.553,188.523],[197.102,187.135],[252.245,185.346],[298.852,183.357],[334.786,181.429],[357.911,179.975],[366.094,179.383]],"c":true},"ix":2},"nm":"Path 12","mn":"ADBE Vector Shape - Group","hd":false},{"ty":"fl","c":{"a":0,"k":[0.098039215686,0.160784313725,0.352941176471,1],"ix":4},"o":{"a":0,"k":100,"ix":5},"r":1,"bm":0,"nm":"Fill 1","mn":"ADBE Vector Graphic - Fill","hd":false},{"ty":"tr","p":{"a":0,"k":[514.906,473.858],"ix":2},"a":{"a":0,"k":[0,0],"ix":1},"s":{"a":0,"k":[100,100],"ix":3},"r":{"a":0,"k":0,"ix":6},"o":{"a":0,"k":100,"ix":7},"sk":{"a":0,"k":0,"ix":4},"sa":{"a":0,"k":0,"ix":5},"nm":"Transform"}],"nm":"Group 1","np":13,"cix":2,"bm":0,"ix":1,"mn":"ADBE Vector Group","hd":false},{"ty":"gr","it":[{"ind":0,"ty":"sh","ix":1,"ks":{"a":0,"k":{"i":[[0,0],[0.555,-2.754],[0,0]],"o":[[-0.293,2.621],[0,0],[0,0]],"v":[[95.382,13.497],[94.128,21.57],[-38.117,17.962]],"c":true},"ix":2},"nm":"Path 1","mn":"ADBE Vector Shape - Group","hd":false},{"ind":1,"ty":"sh","ix":2,"ks":{"a":0,"k":{"i":[[0,0],[0.271,-2.818],[0,0]],"o":[[-0.038,2.588],[0,0],[0,0]],"v":[[95.984,3.909],[95.536,12.034],[-37.977,7.786]],"c":true},"ix":2},"nm":"Path 2","mn":"ADBE Vector Shape - Group","hd":false},{"ind":2,"ty":"sh","ix":3,"ks":{"a":0,"k":{"i":[[0,0],[0,-2.905],[0,0]],"o":[[0.196,2.497],[0,0],[0,0]],"v":[[95.677,-5.692],[95.992,2.441],[-37.842,-4.461]],"c":true},"ix":2},"nm":"Path 3","mn":"ADBE Vector Shape - Group","hd":false},{"ind":3,"ty":"sh","ix":4,"ks":{"a":0,"k":{"i":[[0,0],[-0.294,-3.151],[0,0]],"o":[[0.393,2.225],[0,0],[0,0]],"v":[[94.468,-15.291],[95.552,-7.182],[-37.706,-15.674]],"c":true},"ix":2},"nm":"Path 4","mn":"ADBE Vector Shape - Group","hd":false},{"ind":4,"ty":"sh","ix":5,"ks":{"a":0,"k":{"i":[[0,0],[0,0],[0,0],[0,0],[0,0],[0,0],[0,0],[0,0],[0,0],[0,11.36],[0,0]],"o":[[0,0],[0,0],[0,0],[0,0],[0,0],[0,0],[0,0],[0,0],[0,0],[0,-11.36],[-62.75,-8.115]],"v":[[-77.76,-34.794],[-77.76,-22.585],[-127.263,-8.27],[-83.698,-15.331],[-83.698,21.311],[-127.263,32.127],[-77.76,27.439],[-77.76,33.811],[124.016,35.877],[127.263,0.367],[124.016,-27.763]],"c":true},"ix":2},"nm":"Path 5","mn":"ADBE Vector Shape - Group","hd":false},{"ty":"fl","c":{"a":0,"k":[0.098039215686,0.160784313725,0.352941176471,1],"ix":4},"o":{"a":0,"k":100,"ix":5},"r":1,"bm":0,"nm":"Fill 1","mn":"ADBE Vector Graphic - Fill","hd":false},{"ty":"tr","p":{"a":0,"k":[706.022,475.318],"ix":2},"a":{"a":0,"k":[0,0],"ix":1},"s":{"a":0,"k":[100,100],"ix":3},"r":{"a":0,"k":0,"ix":6},"o":{"a":0,"k":100,"ix":7},"sk":{"a":0,"k":0,"ix":4},"sa":{"a":0,"k":0,"ix":5},"nm":"Transform"}],"nm":"Group 2","np":6,"cix":2,"bm":0,"ix":2,"mn":"ADBE Vector Group","hd":false},{"ty":"gr","it":[{"ind":0,"ty":"sh","ix":1,"ks":{"a":0,"k":{"i":[[5.142,0],[0,-13.985],[-7.276,0],[-2.282,3.65],[0,7.141],[-4.486,0],[-0.321,-0.074]],"o":[[-7.276,0],[0,13.984],[3.202,0],[-3.331,-1.977],[0,-8.746],[0.33,0],[-2.171,-8.257]],"v":[[0.706,-25.321],[-12.47,-0.001],[0.706,25.321],[9.126,19.47],[3.37,4.318],[11.493,-11.517],[12.469,-11.4]],"c":true},"ix":2},"nm":"Path 1","mn":"ADBE Vector Shape - Group","hd":false},{"ty":"fl","c":{"a":0,"k":[0.098039215686,0.160784313725,0.352941176471,1],"ix":4},"o":{"a":0,"k":100,"ix":5},"r":1,"bm":0,"nm":"Fill 1","mn":"ADBE Vector Graphic - Fill","hd":false},{"ty":"tr","p":{"a":0,"k":[554.221,614.405],"ix":2},"a":{"a":0,"k":[0,0],"ix":1},"s":{"a":0,"k":[100,100],"ix":3},"r":{"a":0,"k":0,"ix":6},"o":{"a":0,"k":100,"ix":7},"sk":{"a":0,"k":0,"ix":4},"sa":{"a":0,"k":0,"ix":5},"nm":"Transform"}],"nm":"Group 3","np":2,"cix":2,"bm":0,"ix":3,"mn":"ADBE Vector Group","hd":false},{"ty":"gr","it":[{"ind":0,"ty":"sh","ix":1,"ks":{"a":0,"k":{"i":[[-4.912,0],[-1.541,2.539],[0,4.964],[-3.03,0],[-0.215,-0.051],[3.472,0],[0,-9.722]],"o":[[2.163,0],[-2.249,-1.372],[0,-6.079],[0.222,0],[-1.465,-5.741],[-4.912,0],[0,9.721]],"v":[[0.477,17.602],[6.162,13.536],[2.275,3.002],[7.76,-8.005],[8.417,-7.923],[0.477,-17.602],[-8.418,0.001]],"c":true},"ix":2},"nm":"Path 1","mn":"ADBE Vector Shape - Group","hd":false},{"ty":"fl","c":{"a":0,"k":[0.098039215686,0.160784313725,0.352941176471,1],"ix":4},"o":{"a":0,"k":100,"ix":5},"r":1,"bm":0,"nm":"Fill 1","mn":"ADBE Vector Graphic - Fill","hd":false},{"ty":"tr","p":{"a":0,"k":[301.694,624.064],"ix":2},"a":{"a":0,"k":[0,0],"ix":1},"s":{"a":0,"k":[100,100],"ix":3},"r":{"a":0,"k":0,"ix":6},"o":{"a":0,"k":100,"ix":7},"sk":{"a":0,"k":0,"ix":4},"sa":{"a":0,"k":0,"ix":5},"nm":"Transform"}],"nm":"Group 4","np":2,"cix":2,"bm":0,"ix":4,"mn":"ADBE Vector Group","hd":false},{"ty":"gr","it":[{"ind":0,"ty":"sh","ix":1,"ks":{"a":0,"k":{"i":[[0,5.385],[-3.384,0],[-0.24,-0.056],[3.879,0],[0,-10.547],[-5.489,0],[-1.722,2.756]],"o":[[0,-6.597],[0.249,0],[-1.637,-6.227],[-5.489,0],[0,10.55],[2.416,0],[-2.514,-1.49]],"v":[[2.543,3.257],[8.669,-8.688],[9.405,-8.599],[0.533,-19.099],[-9.405,-0.002],[0.533,19.099],[6.884,14.685]],"c":true},"ix":2},"nm":"Path 1","mn":"ADBE Vector Shape - Group","hd":false},{"ty":"fl","c":{"a":0,"k":[0.098039215686,0.160784313725,0.352941176471,1],"ix":4},"o":{"a":0,"k":100,"ix":5},"r":1,"bm":0,"nm":"Fill 1","mn":"ADBE Vector Graphic - Fill","hd":false},{"ty":"tr","p":{"a":0,"k":[338.976,623.337],"ix":2},"a":{"a":0,"k":[0,0],"ix":1},"s":{"a":0,"k":[100,100],"ix":3},"r":{"a":0,"k":0,"ix":6},"o":{"a":0,"k":100,"ix":7},"sk":{"a":0,"k":0,"ix":4},"sa":{"a":0,"k":0,"ix":5},"nm":"Transform"}],"nm":"Group 5","np":2,"cix":2,"bm":0,"ix":5,"mn":"ADBE Vector Group","hd":false},{"ty":"gr","it":[{"ind":0,"ty":"sh","ix":1,"ks":{"a":0,"k":{"i":[[-0.364,-4.248],[0,0],[0,0],[-0.074,-0.824],[0,0],[0,0],[-0.063,-0.665],[0,0],[0,0],[-0.076,-0.818],[0,0],[0,0],[-0.079,-0.815],[0,0],[0,0],[-0.083,-0.812],[0,0],[0,0],[-0.097,-0.904],[0,0],[0,0],[-0.095,-0.791],[0,0],[0,0],[-0.106,-0.739],[0,0],[0,0],[-0.087,-0.33],[-0.116,-0.37],[0,0],[0,0],[0,0],[-32.403,-1.62],[-4.861,-1.08],[2.701,33.484],[0,0],[0,0]],"o":[[0,0],[0,0],[0.068,0.778],[0,0],[0,0],[0.06,0.649],[0,0],[0,0],[0.075,0.806],[0,0],[0,0],[0.079,0.811],[0,0],[0,0],[0.083,0.818],[0,0],[0,0],[0.099,0.922],[0,0],[0,0],[0.095,0.822],[0,0],[0,0],[0.108,0.8],[0,0],[0,0],[0.091,0.421],[0.103,0.394],[0,0],[0,0],[4.109,4.325],[0,0],[32.401,1.621],[4.86,1.081],[-2.7,-33.483],[-73.988,-14.041],[0,0]],"v":[[-99.335,-49.632],[14.914,-42.002],[-98.731,-42.681],[-98.519,-40.273],[17.879,-32.856],[-97.888,-33.194],[-97.708,-31.223],[18.288,-22.765],[-97.059,-24.158],[-96.834,-21.724],[19.186,-13.619],[-96.162,-14.661],[-95.926,-12.222],[20.082,-4.474],[-95.23,-5.163],[-94.981,-2.718],[20.979,4.671],[-94.247,4.336],[-93.954,7.072],[22.423,15.558],[-93.158,14.162],[-92.873,16.587],[23.32,24.704],[-91.98,23.663],[-91.661,25.972],[26.284,33.849],[-90.456,33.153],[-90.189,34.293],[-89.842,35.405],[29.249,42.994],[-85.748,42.659],[-76.688,47.255],[-11.881,48.335],[93.969,55.355],[97.209,20.252],[84.788,-40.774],[-99.91,-56.436]],"c":true},"ix":2},"nm":"Path 1","mn":"ADBE Vector Shape - Group","hd":false},{"ty":"fl","c":{"a":0,"k":[0.098039215686,0.160784313725,0.352941176471,1],"ix":4},"o":{"a":0,"k":100,"ix":5},"r":1,"bm":0,"nm":"Fill 1","mn":"ADBE Vector Graphic - Fill","hd":false},{"ty":"tr","p":{"a":0,"k":[727.893,377.841],"ix":2},"a":{"a":0,"k":[0,0],"ix":1},"s":{"a":0,"k":[100,100],"ix":3},"r":{"a":0,"k":0,"ix":6},"o":{"a":0,"k":100,"ix":7},"sk":{"a":0,"k":0,"ix":4},"sa":{"a":0,"k":0,"ix":5},"nm":"Transform"}],"nm":"Group 6","np":2,"cix":2,"bm":0,"ix":6,"mn":"ADBE Vector Group","hd":false},{"ty":"gr","it":[{"ind":0,"ty":"sh","ix":1,"ks":{"a":0,"k":{"i":[[0,0],[0,0],[0,0],[0,0]],"o":[[0,0],[0,0],[0,0],[0,0]],"v":[[31.863,-21.023],[-29.704,-3.974],[-31.863,21.023],[31.863,4.174]],"c":true},"ix":2},"nm":"Path 1","mn":"ADBE Vector Shape - Group","hd":false},{"ty":"fl","c":{"a":0,"k":[0.098039215686,0.160784313725,0.352941176471,1],"ix":4},"o":{"a":0,"k":100,"ix":5},"r":1,"bm":0,"nm":"Fill 1","mn":"ADBE Vector Graphic - Fill","hd":false},{"ty":"tr","p":{"a":0,"k":[582.078,326.413],"ix":2},"a":{"a":0,"k":[0,0],"ix":1},"s":{"a":0,"k":[100,100],"ix":3},"r":{"a":0,"k":0,"ix":6},"o":{"a":0,"k":100,"ix":7},"sk":{"a":0,"k":0,"ix":4},"sa":{"a":0,"k":0,"ix":5},"nm":"Transform"}],"nm":"Group 7","np":2,"cix":2,"bm":0,"ix":7,"mn":"ADBE Vector Group","hd":false},{"ty":"gr","it":[{"ind":0,"ty":"sh","ix":1,"ks":{"a":0,"k":{"i":[[0,0],[0,0],[0,0]],"o":[[0,0],[0,0],[0,0]],"v":[[67.815,8.981],[68.089,0.717],[-68.089,-8.981]],"c":true},"ix":2},"nm":"Path 1","mn":"ADBE Vector Shape - Group","hd":false},{"ty":"fl","c":{"a":0,"k":[0.098039215686,0.160784313725,0.352941176471,1],"ix":4},"o":{"a":0,"k":100,"ix":5},"r":1,"bm":0,"nm":"Fill 1","mn":"ADBE Vector Graphic - Fill","hd":false},{"ty":"tr","p":{"a":0,"k":[741.321,310.975],"ix":2},"a":{"a":0,"k":[0,0],"ix":1},"s":{"a":0,"k":[100,100],"ix":3},"r":{"a":0,"k":0,"ix":6},"o":{"a":0,"k":100,"ix":7},"sk":{"a":0,"k":0,"ix":4},"sa":{"a":0,"k":0,"ix":5},"nm":"Transform"}],"nm":"Group 8","np":2,"cix":2,"bm":0,"ix":8,"mn":"ADBE Vector Group","hd":false},{"ty":"gr","it":[{"ind":0,"ty":"sh","ix":1,"ks":{"a":0,"k":{"i":[[0,0],[0,0],[-9.721,0.903],[-35.644,-8.456],[31.863,4.321],[9.181,0],[3.876,-2.173],[0,0]],"o":[[1.858,6.608],[0,0],[9.72,-0.904],[0,0],[-31.865,-4.321],[-6.564,0],[0,0],[0,0]],"v":[[-51.893,-5.624],[-47.795,8.817],[-34.293,0],[132.043,18.185],[89.919,-6.304],[-32.675,-18.185],[-51.86,-16.001],[-132.043,5.602]],"c":true},"ix":2},"nm":"Path 1","mn":"ADBE Vector Shape - Group","hd":false},{"ty":"fl","c":{"a":0,"k":[0.098039215686,0.160784313725,0.352941176471,1],"ix":4},"o":{"a":0,"k":100,"ix":5},"r":1,"bm":0,"nm":"Fill 1","mn":"ADBE Vector Graphic - Fill","hd":false},{"ty":"tr","p":{"a":0,"k":[671.458,287.206],"ix":2},"a":{"a":0,"k":[0,0],"ix":1},"s":{"a":0,"k":[100,100],"ix":3},"r":{"a":0,"k":0,"ix":6},"o":{"a":0,"k":100,"ix":7},"sk":{"a":0,"k":0,"ix":4},"sa":{"a":0,"k":0,"ix":5},"nm":"Transform"}],"nm":"Group 9","np":2,"cix":2,"bm":0,"ix":9,"mn":"ADBE Vector Group","hd":false},{"ty":"gr","it":[{"ind":0,"ty":"sh","ix":1,"ks":{"a":0,"k":{"i":[[0,0],[-2.036,0.3],[-7.064,0],[-1.29,-0.198],[0,0],[0,0],[-5.618,-0.376],[-0.378,0.009],[0,0],[0,0],[0,0],[4.749,-0.083],[0,0],[3.556,-1.185],[1.286,-1.194],[0,0],[0,0],[0,0],[0,0],[0,0],[0,0],[0,0],[0,0],[0,0],[0,0],[0,0],[0,0],[0,0],[0,0],[0,0],[0,0],[0,0]],"o":[[-0.037,2.059],[8.007,-1.179],[1.271,0],[0,0],[0,0],[6.456,1.786],[0.411,0.027],[0,0],[5.204,-1.248],[0,0],[0,-5.072],[0,0],[-12.826,3.344],[-1.833,0.612],[0,0],[0,0],[0,0],[0,0],[0,0],[0,0],[0,0],[0,0],[0,0],[0,0],[0,0],[0,0],[0,0],[0,0],[0,0],[0,0],[0,0],[0,0]],"v":[[-36.87,31.67],[-33.052,35.03],[0.185,31.294],[4.03,31.615],[34.701,27.771],[8.717,32.645],[27.187,37.775],[28.359,37.787],[30.537,37.508],[36.907,31.294],[36.907,-31.893],[25.808,-37.719],[12.833,-35.245],[-27.898,-24.332],[-32.62,-21.378],[33.111,-30.023],[-36.013,-16.622],[-36.103,-11.488],[33.333,-20.837],[-36.18,-7.14],[-36.287,-1.144],[33.221,-9.855],[-36.363,3.196],[-36.454,8.309],[33.443,-0.668],[-36.533,12.677],[-36.622,17.763],[33.663,8.518],[-36.701,22.16],[-36.792,27.221],[33.883,17.704],[-36.87,31.646]],"c":true},"ix":2},"nm":"Path 1","mn":"ADBE Vector Shape - Group","hd":false},{"ty":"fl","c":{"a":0,"k":[0.098039215686,0.160784313725,0.352941176471,1],"ix":4},"o":{"a":0,"k":100,"ix":5},"r":1,"bm":0,"nm":"Fill 1","mn":"ADBE Vector Graphic - Fill","hd":false},{"ty":"tr","p":{"a":0,"k":[580.813,385.161],"ix":2},"a":{"a":0,"k":[0,0],"ix":1},"s":{"a":0,"k":[100,100],"ix":3},"r":{"a":0,"k":0,"ix":6},"o":{"a":0,"k":100,"ix":7},"sk":{"a":0,"k":0,"ix":4},"sa":{"a":0,"k":0,"ix":5},"nm":"Transform"}],"nm":"Group 10","np":2,"cix":2,"bm":0,"ix":10,"mn":"ADBE Vector Group","hd":false},{"ty":"gr","it":[{"ind":0,"ty":"sh","ix":1,"ks":{"a":0,"k":{"i":[[0,0],[0,0],[0,0],[0,0],[0,0],[0,0],[0,0],[0,0],[4.186,0.163],[0,0],[8.374,0.318],[0,0],[0,0],[0,0],[0,0],[0,0],[2.061,-0.645],[0,0],[2.053,-0.682],[0,0],[2.051,-0.692],[2.037,-0.736],[2.023,-0.786],[-2.132,0.374],[-2.123,0.411],[-2.117,0.437],[0,0],[-2.111,0.46],[0,0],[-2.102,0.488],[0,0],[0,0],[0,0],[-8.377,-0.274],[0,0],[-4.187,-0.126],[0,0],[0,0],[0,0],[0,0],[0,0],[0,0],[0,0],[0,0],[0,0],[0,0]],"o":[[0,0],[0,0],[0,0],[0,0],[0,0],[0,0],[0,0],[-4.186,-0.2],[0,0],[-8.374,-0.377],[0,0],[0,0],[0,0],[0,0],[0,0],[-2.073,0.61],[0,0],[-2.065,0.637],[0,0],[-2.058,0.662],[-2.05,0.687],[-2.042,0.724],[2.147,-0.313],[2.136,-0.363],[2.125,-0.406],[0,0],[2.122,-0.417],[0,0],[2.113,-0.453],[0,0],[0,0],[0,0],[8.377,0.334],[0,0],[4.186,0.162],[0,0],[0,0],[0,0],[0,0],[0,0],[0,0],[0,0],[0,0],[0,0],[0,0],[0,0]],"v":[[100.469,0.657],[87.92,-0.234],[75.369,-1.063],[62.819,-1.867],[50.263,-2.589],[37.708,-3.305],[25.15,-3.951],[12.59,-4.576],[0.031,-5.18],[-25.094,-6.248],[-50.221,-7.224],[-62.789,-7.648],[-75.358,-8.032],[-75.837,-8.047],[-76.208,-7.94],[-82.428,-6.136],[-88.643,-4.313],[-94.837,-2.409],[-101.022,-0.471],[-107.189,1.532],[-113.338,3.615],[-119.464,5.771],[-125.559,8.047],[-119.133,7.029],[-112.738,5.888],[-106.362,4.675],[-100.008,3.383],[-93.671,2.028],[-87.343,0.635],[-81.036,-0.836],[-75.202,-2.216],[-63.022,-1.643],[-50.462,-1.089],[-25.333,-0.11],[-0.2,0.776],[12.366,1.149],[24.937,1.5],[37.508,1.831],[50.081,2.093],[62.653,2.349],[75.231,2.521],[87.808,2.67],[100.388,2.753],[112.97,2.768],[125.558,2.683],[113.015,1.622]],"c":true},"ix":2},"nm":"Path 1","mn":"ADBE Vector Shape - Group","hd":false},{"ty":"fl","c":{"a":0,"k":[0.098039215686,0.160784313725,0.352941176471,1],"ix":4},"o":{"a":0,"k":100,"ix":5},"r":1,"bm":0,"nm":"Fill 1","mn":"ADBE Vector Graphic - Fill","hd":false},{"ty":"tr","p":{"a":0,"k":[704.319,436.74],"ix":2},"a":{"a":0,"k":[0,0],"ix":1},"s":{"a":0,"k":[100,100],"ix":3},"r":{"a":0,"k":0,"ix":6},"o":{"a":0,"k":100,"ix":7},"sk":{"a":0,"k":0,"ix":4},"sa":{"a":0,"k":0,"ix":5},"nm":"Transform"}],"nm":"Group 11","np":2,"cix":2,"bm":0,"ix":11,"mn":"ADBE Vector Group","hd":false},{"ty":"gr","it":[{"ind":0,"ty":"sh","ix":1,"ks":{"a":0,"k":{"i":[[0,0],[0,0],[0,0],[0,0],[0,0],[0,0],[0,0],[0,0],[0,0],[-8.332,-43.504],[0,0],[6.506,-25.186],[0,0],[0,0],[0,0],[0,0],[0,0],[0,0],[0,0],[0,0],[0,0],[0,0],[0,0],[0,0]],"o":[[0,0],[0,0],[0,0],[0,0],[0,0],[0,0],[0,0],[0,0],[0,0],[8.331,43.503],[0,0],[0,0],[0,0],[0,0],[0,0],[0,0],[0,0],[0,0],[0,0],[0,0],[0,0],[0,0],[0,0],[0,0]],"v":[[-317.534,136.059],[-313.307,67.727],[-303.049,-66.47],[-29.311,-171.164],[14.06,-177.831],[94.243,-193.831],[278.145,-159.646],[284.056,-153.343],[283.781,-145.079],[301.637,-92.192],[304.523,-25.613],[311.029,27.753],[304.523,52.942],[307.835,72.391],[309.994,111.446],[102.01,168.053],[84.242,168.053],[54.772,188.718],[-31.099,188.718],[-66.438,113.017],[-116.5,146.551],[-159.665,193.831],[-235.96,184.55],[-256.454,180.79]],"c":true},"ix":2},"nm":"Path 1","mn":"ADBE Vector Shape - Group","hd":false},{"ty":"fl","c":{"a":0,"k":[1,1,1,1],"ix":4},"o":{"a":0,"k":100,"ix":5},"r":1,"bm":0,"nm":"Fill 1","mn":"ADBE Vector Graphic - Fill","hd":false},{"ty":"tr","p":{"a":0,"k":[525.354,465.036],"ix":2},"a":{"a":0,"k":[0,0],"ix":1},"s":{"a":0,"k":[100,100],"ix":3},"r":{"a":0,"k":0,"ix":6},"o":{"a":0,"k":100,"ix":7},"sk":{"a":0,"k":0,"ix":4},"sa":{"a":0,"k":0,"ix":5},"nm":"Transform"}],"nm":"Group 12","np":2,"cix":2,"bm":0,"ix":12,"mn":"ADBE Vector Group","hd":false}],"ip":0,"op":902.000036739213,"st":0,"bm":0},{"ddd":0,"ind":7,"ty":4,"nm":"mask-bg","td":1,"sr":1,"ks":{"o":{"a":0,"k":100,"ix":11},"r":{"a":0,"k":0,"ix":10},"p":{"a":0,"k":[648,388,0],"ix":2},"a":{"a":0,"k":[0,0,0],"ix":1},"s":{"a":0,"k":[122.196,122.196,100],"ix":6}},"ao":0,"shapes":[{"ty":"gr","it":[{"d":1,"ty":"el","s":{"a":0,"k":[778,778],"ix":2},"p":{"a":0,"k":[0,0],"ix":3},"nm":"Ellipse Path 1","mn":"ADBE Vector Shape - Ellipse","hd":false},{"ty":"fl","c":{"a":0,"k":[0.904313988779,0.789292997472,0.128377009373,1],"ix":4},"o":{"a":0,"k":100,"ix":5},"r":1,"bm":0,"nm":"Fill 1","mn":"ADBE Vector Graphic - Fill","hd":false},{"ty":"tr","p":{"a":0,"k":[-11,129],"ix":2},"a":{"a":0,"k":[0,0],"ix":1},"s":{"a":0,"k":[107.063,107.063],"ix":3},"r":{"a":0,"k":0,"ix":6},"o":{"a":0,"k":100,"ix":7},"sk":{"a":0,"k":0,"ix":4},"sa":{"a":0,"k":0,"ix":5},"nm":"Transform"}],"nm":"Ellipse 1","np":3,"cix":2,"bm":0,"ix":1,"mn":"ADBE Vector Group","hd":false}],"ip":0,"op":902.000036739213,"st":0,"bm":0},{"ddd":0,"ind":8,"ty":4,"nm":"landscape Outlines","tt":1,"sr":1,"ks":{"o":{"a":0,"k":100,"ix":11},"r":{"a":0,"k":0,"ix":10},"p":{"a":0,"k":[626,326,0],"ix":2},"a":{"a":0,"k":[1476.5,1000,0],"ix":1},"s":{"a":0,"k":[41.979,41.979,100],"ix":6}},"ao":0,"shapes":[{"ty":"gr","it":[{"ind":0,"ty":"sh","ix":1,"ks":{"a":0,"k":{"i":[[-19.203,-38.662],[13.495,-18.396],[5.152,9.459],[0.944,-0.774],[-0.011,0],[-23.751,1.785]],"o":[[-16.9,-16.006],[-13.495,18.397],[-5.099,-9.356],[0,0],[33.462,-44.287],[17.913,-1.347]],"v":[[59.391,12.769],[22.096,30.017],[-17.184,13.431],[-64.741,49.373],[-72.482,36.855],[11.257,-45.093]],"c":true},"ix":2},"nm":"Path 1","mn":"ADBE Vector Shape - Group","hd":false},{"ty":"gr","it":[{"ind":0,"ty":"sh","ix":1,"ks":{"a":0,"k":{"i":[[0,0],[0,0],[0,0],[0,0]],"o":[[0,0],[0,0],[0,0],[0,0]],"v":[[-843.153,1034.852],[2109.347,1034.852],[2109.347,-965.148],[-843.153,-965.148]],"c":true},"ix":2},"nm":"Path 1","mn":"ADBE Vector Shape - Group","hd":false},{"ind":1,"ty":"sh","ix":2,"ks":{"a":0,"k":{"i":[[0,0],[0,0],[0,0],[0,0]],"o":[[0,0],[0,0],[0,0],[0,0]],"v":[[-843.153,-965.148],[2109.347,-965.148],[2109.347,1034.852],[-843.153,1034.852]],"c":true},"ix":2},"nm":"Path 2","mn":"ADBE Vector Shape - Group","hd":false},{"ty":"tr","p":{"a":0,"k":[0,0],"ix":2},"a":{"a":0,"k":[0,0],"ix":1},"s":{"a":0,"k":[100,100],"ix":3},"r":{"a":0,"k":0,"ix":6},"o":{"a":0,"k":100,"ix":7},"sk":{"a":0,"k":0,"ix":4},"sa":{"a":0,"k":0,"ix":5},"nm":"Transform"}],"nm":"Group 1","np":2,"cix":2,"bm":0,"ix":2,"mn":"ADBE Vector Group","hd":false},{"ty":"fl","c":{"a":0,"k":[1,1,1,1],"ix":4},"o":{"a":0,"k":100,"ix":5},"r":1,"bm":0,"nm":"Fill 1","mn":"ADBE Vector Graphic - Fill","hd":false},{"ty":"tr","p":{"a":0,"k":[507.268,1122.371],"ix":2},"a":{"a":0,"k":[0,0],"ix":1},"s":{"a":0,"k":[100,100],"ix":3},"r":{"a":0,"k":0,"ix":6},"o":{"a":0,"k":100,"ix":7},"sk":{"a":0,"k":0,"ix":4},"sa":{"a":0,"k":0,"ix":5},"nm":"Transform"}],"nm":"Group 12","np":3,"cix":2,"bm":0,"ix":1,"mn":"ADBE Vector Group","hd":false},{"ty":"gr","it":[{"ind":0,"ty":"sh","ix":1,"ks":{"a":0,"k":{"i":[[-19.625,-31.698],[13.495,-18.396],[5.152,9.459],[0.944,-0.774],[-0.011,0],[-24.838,-2.428]],"o":[[-16.9,-16.006],[-13.495,18.397],[-5.099,-9.356],[0,0],[27.19,-51.722],[18.34,1.792]],"v":[[68.324,9.195],[22.096,30.017],[-17.184,13.431],[-68.314,41.63],[-68.313,41.619],[11.257,-45.986]],"c":true},"ix":2},"nm":"Path 1","mn":"ADBE Vector Shape - Group","hd":false},{"ty":"gr","it":[{"ind":0,"ty":"sh","ix":1,"ks":{"a":0,"k":{"i":[[0,0],[0,0],[0,0],[0,0]],"o":[[0,0],[0,0],[0,0],[0,0]],"v":[[-843.153,1034.852],[2109.347,1034.852],[2109.347,-965.148],[-843.153,-965.148]],"c":true},"ix":2},"nm":"Path 1","mn":"ADBE Vector Shape - Group","hd":false},{"ind":1,"ty":"sh","ix":2,"ks":{"a":0,"k":{"i":[[0,0],[0,0],[0,0],[0,0]],"o":[[0,0],[0,0],[0,0],[0,0]],"v":[[-843.153,-965.148],[2109.347,-965.148],[2109.347,1034.852],[-843.153,1034.852]],"c":true},"ix":2},"nm":"Path 2","mn":"ADBE Vector Shape - Group","hd":false},{"ty":"tr","p":{"a":0,"k":[0,0],"ix":2},"a":{"a":0,"k":[0,0],"ix":1},"s":{"a":0,"k":[100,100],"ix":3},"r":{"a":0,"k":0,"ix":6},"o":{"a":0,"k":100,"ix":7},"sk":{"a":0,"k":0,"ix":4},"sa":{"a":0,"k":0,"ix":5},"nm":"Transform"}],"nm":"Group 1","np":2,"cix":2,"bm":0,"ix":2,"mn":"ADBE Vector Group","hd":false},{"ty":"fl","c":{"a":0,"k":[1,1,1,1],"ix":4},"o":{"a":0,"k":100,"ix":5},"r":1,"bm":0,"nm":"Fill 1","mn":"ADBE Vector Graphic - Fill","hd":false},{"ty":"tr","p":{"a":0,"k":[843.153,965.148],"ix":2},"a":{"a":0,"k":[0,0],"ix":1},"s":{"a":0,"k":[100,100],"ix":3},"r":{"a":0,"k":0,"ix":6},"o":{"a":0,"k":100,"ix":7},"sk":{"a":0,"k":0,"ix":4},"sa":{"a":0,"k":0,"ix":5},"nm":"Transform"}],"nm":"Group 2","np":3,"cix":2,"bm":0,"ix":2,"mn":"ADBE Vector Group","hd":false},{"ty":"gr","it":[{"ind":0,"ty":"sh","ix":1,"ks":{"a":0,"k":{"i":[[1.658,0],[0,0],[0,1.659],[0,0],[-1.658,0],[0,0],[0,-1.658],[0,0]],"o":[[0,0],[-1.658,0],[0,0],[0,-1.658],[0,0],[1.658,0],[0,0],[0,1.659]],"v":[[1348.403,3.475],[-1348.404,3.475],[-1351.419,0.46],[-1351.419,-0.46],[-1348.404,-3.475],[1348.403,-3.475],[1351.419,-0.46],[1351.419,0.46]],"c":true},"ix":2},"nm":"Path 1","mn":"ADBE Vector Shape - Group","hd":false},{"ty":"gr","it":[{"ind":0,"ty":"sh","ix":1,"ks":{"a":0,"k":{"i":[[0,0],[0,0],[0,0],[0,0]],"o":[[0,0],[0,0],[0,0],[0,0]],"v":[[-1499.032,214.32],[1453.468,214.32],[1453.468,-1785.68],[-1499.032,-1785.68]],"c":true},"ix":2},"nm":"Path 1","mn":"ADBE Vector Shape - Group","hd":false},{"ind":1,"ty":"sh","ix":2,"ks":{"a":0,"k":{"i":[[0,0],[0,0],[0,0],[0,0]],"o":[[0,0],[0,0],[0,0],[0,0]],"v":[[-1499.032,-1785.68],[1453.468,-1785.68],[1453.468,214.32],[-1499.032,214.32]],"c":true},"ix":2},"nm":"Path 2","mn":"ADBE Vector Shape - Group","hd":false},{"ty":"tr","p":{"a":0,"k":[0,0],"ix":2},"a":{"a":0,"k":[0,0],"ix":1},"s":{"a":0,"k":[100,100],"ix":3},"r":{"a":0,"k":0,"ix":6},"o":{"a":0,"k":100,"ix":7},"sk":{"a":0,"k":0,"ix":4},"sa":{"a":0,"k":0,"ix":5},"nm":"Transform"}],"nm":"Group 1","np":2,"cix":2,"bm":0,"ix":2,"mn":"ADBE Vector Group","hd":false},{"ty":"fl","c":{"a":0,"k":[0.180000005984,0.20800000359,0.322000002394,1],"ix":4},"o":{"a":0,"k":100,"ix":5},"r":1,"bm":0,"nm":"Fill 1","mn":"ADBE Vector Graphic - Fill","hd":false},{"ty":"tr","p":{"a":0,"k":[1499.032,1785.68],"ix":2},"a":{"a":0,"k":[0,0],"ix":1},"s":{"a":0,"k":[100,100],"ix":3},"r":{"a":0,"k":0,"ix":6},"o":{"a":0,"k":100,"ix":7},"sk":{"a":0,"k":0,"ix":4},"sa":{"a":0,"k":0,"ix":5},"nm":"Transform"}],"nm":"Group 3","np":3,"cix":2,"bm":0,"ix":3,"mn":"ADBE Vector Group","hd":false},{"ty":"gr","it":[{"ind":0,"ty":"sh","ix":1,"ks":{"a":0,"k":{"i":[[0,0],[0,0],[0,0],[0,0],[0,0],[-79.155,-4.564],[-72.946,29.241]],"o":[[0,0],[-40.209,71.622],[0,0],[0,0],[0,0],[79.144,4.552],[72.946,-29.24]],"v":[[205.585,-31.512],[205.575,-31.481],[124.103,83.082],[-156.436,83.165],[-205.586,79.429],[-90.733,14.709],[58.254,-53.924]],"c":true},"ix":2},"nm":"Path 1","mn":"ADBE Vector Shape - Group","hd":false},{"ty":"gr","it":[{"ind":0,"ty":"sh","ix":1,"ks":{"a":0,"k":{"i":[[0,0],[0,0],[0,0],[0,0]],"o":[[0,0],[0,0],[0,0],[0,0]],"v":[[-2527.42,297.22],[425.08,297.22],[425.08,-1702.78],[-2527.42,-1702.78]],"c":true},"ix":2},"nm":"Path 1","mn":"ADBE Vector Shape - Group","hd":false},{"ind":1,"ty":"sh","ix":2,"ks":{"a":0,"k":{"i":[[0,0],[0,0],[0,0],[0,0]],"o":[[0,0],[0,0],[0,0],[0,0]],"v":[[-2527.42,-1702.78],[425.08,-1702.78],[425.08,297.22],[-2527.42,297.22]],"c":true},"ix":2},"nm":"Path 2","mn":"ADBE Vector Shape - Group","hd":false},{"ty":"tr","p":{"a":0,"k":[0,0],"ix":2},"a":{"a":0,"k":[0,0],"ix":1},"s":{"a":0,"k":[100,100],"ix":3},"r":{"a":0,"k":0,"ix":6},"o":{"a":0,"k":100,"ix":7},"sk":{"a":0,"k":0,"ix":4},"sa":{"a":0,"k":0,"ix":5},"nm":"Transform"}],"nm":"Group 1","np":2,"cix":2,"bm":0,"ix":2,"mn":"ADBE Vector Group","hd":false},{"ty":"fl","c":{"a":0,"k":[0.137254901961,0.752941176471,0.650980392157,1],"ix":4},"o":{"a":0,"k":100,"ix":5},"r":1,"bm":0,"nm":"Fill 1","mn":"ADBE Vector Graphic - Fill","hd":false},{"ty":"tr","p":{"a":0,"k":[2527.42,1702.78],"ix":2},"a":{"a":0,"k":[0,0],"ix":1},"s":{"a":0,"k":[100,100],"ix":3},"r":{"a":0,"k":0,"ix":6},"o":{"a":0,"k":100,"ix":7},"sk":{"a":0,"k":0,"ix":4},"sa":{"a":0,"k":0,"ix":5},"nm":"Transform"}],"nm":"Group 4","np":3,"cix":2,"bm":0,"ix":4,"mn":"ADBE Vector Group","hd":false},{"ty":"gr","it":[{"ind":0,"ty":"sh","ix":1,"ks":{"a":0,"k":{"i":[[0,-0.072],[0,0],[3.911,41.171],[-0.299,9.385],[-4.842,16.814],[-12.541,21.78],[-27.602,26.375],[-117.956,-32.242],[-23.271,-33.845],[-55.874,-23.892],[-21.729,-6.156],[-4.47,-62.548]],"o":[[0,0],[-31.342,-57.136],[-0.953,-10.099],[0.601,-19.112],[7.005,-24.398],[13.606,-23.633],[25.997,-22.459],[117.956,32.241],[23.281,33.846],[55.875,23.89],[21.698,6.136],[0.01,0.072]],"v":[[399.929,210.677],[-348.411,210.677],[-398.677,64.907],[-399.63,35.729],[-391.155,-17.952],[-360.859,-86.563],[-316.325,-156.778],[-112.002,-178.435],[-22.883,-36.66],[93.521,1.232],[158.708,141.578],[399.908,210.459]],"c":true},"ix":2},"nm":"Path 1","mn":"ADBE Vector Shape - Group","hd":false},{"ty":"gr","it":[{"ind":0,"ty":"sh","ix":1,"ks":{"a":0,"k":{"i":[[0,0],[0,0],[0,0],[0,0]],"o":[[0,0],[0,0],[0,0],[0,0]],"v":[[-648.402,424.133],[2304.098,424.133],[2304.098,-1575.867],[-648.402,-1575.867]],"c":true},"ix":2},"nm":"Path 1","mn":"ADBE Vector Shape - Group","hd":false},{"ind":1,"ty":"sh","ix":2,"ks":{"a":0,"k":{"i":[[0,0],[0,0],[0,0],[0,0]],"o":[[0,0],[0,0],[0,0],[0,0]],"v":[[-648.402,-1575.867],[2304.098,-1575.867],[2304.098,424.133],[-648.402,424.133]],"c":true},"ix":2},"nm":"Path 2","mn":"ADBE Vector Shape - Group","hd":false},{"ty":"tr","p":{"a":0,"k":[0,0],"ix":2},"a":{"a":0,"k":[0,0],"ix":1},"s":{"a":0,"k":[100,100],"ix":3},"r":{"a":0,"k":0,"ix":6},"o":{"a":0,"k":100,"ix":7},"sk":{"a":0,"k":0,"ix":4},"sa":{"a":0,"k":0,"ix":5},"nm":"Transform"}],"nm":"Group 1","np":2,"cix":2,"bm":0,"ix":2,"mn":"ADBE Vector Group","hd":false},{"ty":"fl","c":{"a":0,"k":[0.137254901961,0.752941176471,0.650980392157,1],"ix":4},"o":{"a":0,"k":100,"ix":5},"r":1,"bm":0,"nm":"Fill 1","mn":"ADBE Vector Graphic - Fill","hd":false},{"ty":"tr","p":{"a":0,"k":[648.402,1575.867],"ix":2},"a":{"a":0,"k":[0,0],"ix":1},"s":{"a":0,"k":[100,100],"ix":3},"r":{"a":0,"k":0,"ix":6},"o":{"a":0,"k":100,"ix":7},"sk":{"a":0,"k":0,"ix":4},"sa":{"a":0,"k":0,"ix":5},"nm":"Transform"}],"nm":"Group 5","np":3,"cix":2,"bm":0,"ix":5,"mn":"ADBE Vector Group","hd":false},{"ty":"gr","it":[{"ind":0,"ty":"sh","ix":1,"ks":{"a":0,"k":{"i":[[0,0],[-70.666,-4.071],[-109.405,-52.936],[-86.126,-24.472],[0,0]],"o":[[0,0],[0,0],[0,0],[57.423,16.317],[0,0]],"v":[[-295.515,29.118],[-195.297,-3.456],[16.703,-11.599],[219.126,-0.243],[295.515,33.19]],"c":true},"ix":2},"nm":"Path 1","mn":"ADBE Vector Shape - Group","hd":false},{"ty":"gr","it":[{"ind":0,"ty":"sh","ix":1,"ks":{"a":0,"k":{"i":[[0,0],[0,0],[0,0],[0,0]],"o":[[0,0],[0,0],[0,0],[0,0]],"v":[[-844.331,1367.66],[2108.169,1367.66],[2108.169,-632.34],[-844.331,-632.34]],"c":true},"ix":2},"nm":"Path 1","mn":"ADBE Vector Shape - Group","hd":false},{"ind":1,"ty":"sh","ix":2,"ks":{"a":0,"k":{"i":[[0,0],[0,0],[0,0],[0,0]],"o":[[0,0],[0,0],[0,0],[0,0]],"v":[[-844.331,-632.34],[2108.169,-632.34],[2108.169,1367.66],[-844.331,1367.66]],"c":true},"ix":2},"nm":"Path 2","mn":"ADBE Vector Shape - Group","hd":false},{"ty":"tr","p":{"a":0,"k":[0,0],"ix":2},"a":{"a":0,"k":[0,0],"ix":1},"s":{"a":0,"k":[100,100],"ix":3},"r":{"a":0,"k":0,"ix":6},"o":{"a":0,"k":100,"ix":7},"sk":{"a":0,"k":0,"ix":4},"sa":{"a":0,"k":0,"ix":5},"nm":"Transform"}],"nm":"Group 1","np":3,"cix":2,"bm":0,"ix":2,"mn":"ADBE Vector Group","hd":false},{"ty":"fl","c":{"a":0,"k":[0.972999961703,0.987999949736,1,1],"ix":4},"o":{"a":0,"k":100,"ix":5},"r":1,"bm":0,"nm":"Fill 1","mn":"ADBE Vector Graphic - Fill","hd":false},{"ty":"tr","p":{"a":0,"k":[844.331,632.34],"ix":2},"a":{"a":0,"k":[0,0],"ix":1},"s":{"a":0,"k":[100,100],"ix":3},"r":{"a":0,"k":0,"ix":6},"o":{"a":1,"k":[{"i":{"x":[0.833],"y":[0.833]},"o":{"x":[0.167],"y":[0.167]},"t":74,"s":[100]},{"i":{"x":[0.833],"y":[0.833]},"o":{"x":[0.167],"y":[0.167]},"t":77,"s":[0]},{"i":{"x":[0.833],"y":[0.833]},"o":{"x":[0.167],"y":[0.167]},"t":147,"s":[0]},{"t":151.000006150356,"s":[100]}],"ix":7},"sk":{"a":0,"k":0,"ix":4},"sa":{"a":0,"k":0,"ix":5},"nm":"Transform"}],"nm":"Group 7","np":3,"cix":2,"bm":0,"ix":6,"mn":"ADBE Vector Group","hd":false},{"ty":"gr","it":[{"ind":0,"ty":"sh","ix":1,"ks":{"a":0,"k":{"i":[[0,0],[-49.637,-3.109],[-76.846,-40.424],[-60.496,-18.688],[0,0]],"o":[[0,0],[0,0],[0,0],[40.334,12.46],[0,0]],"v":[[-207.572,22.234],[-137.178,-2.641],[11.732,-8.859],[153.915,-0.187],[207.572,25.343]],"c":true},"ix":2},"nm":"Path 1","mn":"ADBE Vector Shape - Group","hd":false},{"ty":"gr","it":[{"ind":0,"ty":"sh","ix":1,"ks":{"a":0,"k":{"i":[[0,0],[0,0],[0,0],[0,0]],"o":[[0,0],[0,0],[0,0],[0,0]],"v":[[-1060.954,1235.537],[1891.546,1235.537],[1891.546,-764.463],[-1060.954,-764.463]],"c":true},"ix":2},"nm":"Path 1","mn":"ADBE Vector Shape - Group","hd":false},{"ind":1,"ty":"sh","ix":2,"ks":{"a":0,"k":{"i":[[0,0],[0,0],[0,0],[0,0]],"o":[[0,0],[0,0],[0,0],[0,0]],"v":[[-1060.954,-764.463],[1891.546,-764.463],[1891.546,1235.537],[-1060.954,1235.537]],"c":true},"ix":2},"nm":"Path 2","mn":"ADBE Vector Shape - Group","hd":false},{"ty":"tr","p":{"a":0,"k":[0,0],"ix":2},"a":{"a":0,"k":[0,0],"ix":1},"s":{"a":0,"k":[100,100],"ix":3},"r":{"a":0,"k":0,"ix":6},"o":{"a":0,"k":100,"ix":7},"sk":{"a":0,"k":0,"ix":4},"sa":{"a":0,"k":0,"ix":5},"nm":"Transform"}],"nm":"Group 1","np":3,"cix":2,"bm":0,"ix":2,"mn":"ADBE Vector Group","hd":false},{"ty":"fl","c":{"a":0,"k":[0.972999961703,0.987999949736,1,1],"ix":4},"o":{"a":0,"k":100,"ix":5},"r":1,"bm":0,"nm":"Fill 1","mn":"ADBE Vector Graphic - Fill","hd":false},{"ty":"tr","p":{"a":0,"k":[1060.954,764.463],"ix":2},"a":{"a":0,"k":[0,0],"ix":1},"s":{"a":0,"k":[100,100],"ix":3},"r":{"a":0,"k":0,"ix":6},"o":{"a":1,"k":[{"i":{"x":[0.833],"y":[1]},"o":{"x":[0.38],"y":[0]},"t":72,"s":[100]},{"i":{"x":[0.6],"y":[1]},"o":{"x":[0.38],"y":[0]},"t":77,"s":[0]},{"i":{"x":[0.6],"y":[1]},"o":{"x":[0.167],"y":[0.167]},"t":147,"s":[0]},{"t":151.000006150356,"s":[100]}],"ix":7},"sk":{"a":0,"k":0,"ix":4},"sa":{"a":0,"k":0,"ix":5},"nm":"Transform"}],"nm":"Group 8","np":3,"cix":2,"bm":0,"ix":7,"mn":"ADBE Vector Group","hd":false},{"ty":"gr","it":[{"ty":"gr","it":[{"ind":0,"ty":"sh","ix":1,"ks":{"a":0,"k":{"i":[[-95.162,-35.273],[0,0],[0,0],[0,0],[3.911,41.171],[-0.3,9.385],[-4.842,16.813],[-12.54,21.781],[-97.055,-42.692],[-353.889,66.076],[-168.552,-76.33],[-117.967,74.624]],"o":[[3.231,13.337],[0,0],[0,0],[-31.341,-57.135],[-0.952,-10.1],[0.6,-19.111],[7.005,-24.399],[50.649,0.104],[143.887,63.293],[353.879,-66.087],[168.543,76.32],[97.987,-61.979]],"v":[[1275.506,-128.603],[1272.855,162.528],[847.004,163.277],[-1322.849,163.892],[-1274.255,18.108],[-1275.207,-11.071],[-1266.733,-64.751],[-1231.524,-141.403],[-995.113,-83.459],[-330.739,11.599],[469.274,-68.725],[935.843,-60.582]],"c":true},"ix":2},"nm":"Path 1","mn":"ADBE Vector Shape - Group","hd":false},{"ty":"gr","it":[{"ind":0,"ty":"sh","ix":1,"ks":{"a":0,"k":{"i":[[0,0],[0,0],[0,0],[0,0]],"o":[[0,0],[0,0],[0,0],[0,0]],"v":[[-1523.979,377.333],[1428.521,377.333],[1428.521,-1622.667],[-1523.979,-1622.667]],"c":true},"ix":2},"nm":"Path 1","mn":"ADBE Vector Shape - Group","hd":false},{"ind":1,"ty":"sh","ix":2,"ks":{"a":0,"k":{"i":[[0,0],[0,0],[0,0],[0,0]],"o":[[0,0],[0,0],[0,0],[0,0]],"v":[[-1523.979,-1622.667],[1428.521,-1622.667],[1428.521,377.333],[-1523.979,377.333]],"c":true},"ix":2},"nm":"Path 2","mn":"ADBE Vector Shape - Group","hd":false},{"ty":"tr","p":{"a":0,"k":[0,0],"ix":2},"a":{"a":0,"k":[0,0],"ix":1},"s":{"a":0,"k":[100,100],"ix":3},"r":{"a":0,"k":0,"ix":6},"o":{"a":0,"k":100,"ix":7},"sk":{"a":0,"k":0,"ix":4},"sa":{"a":0,"k":0,"ix":5},"nm":"Transform"}],"nm":"Group 1","np":2,"cix":2,"bm":0,"ix":2,"mn":"ADBE Vector Group","hd":false},{"ty":"fl","c":{"a":0,"k":[0.681999954523,0.795999983245,0.957000014361,1],"ix":4},"o":{"a":0,"k":100,"ix":5},"r":1,"bm":0,"nm":"Fill 1","mn":"ADBE Vector Graphic - Fill","hd":false},{"ty":"tr","p":{"a":0,"k":[6375.908,1622.667],"ix":2},"a":{"a":0,"k":[0,0],"ix":1},"s":{"a":0,"k":[100,100],"ix":3},"r":{"a":0,"k":0,"ix":6},"o":{"a":0,"k":100,"ix":7},"sk":{"a":0,"k":0,"ix":4},"sa":{"a":0,"k":0,"ix":5},"nm":"Transform"}],"nm":"Group 14","np":3,"cix":2,"bm":0,"ix":1,"mn":"ADBE Vector Group","hd":false},{"ty":"gr","it":[{"ind":0,"ty":"sh","ix":1,"ks":{"a":0,"k":{"i":[[-95.162,-35.273],[0,0],[0,0],[0,0],[3.911,41.171],[-0.3,9.385],[-4.842,16.813],[-12.54,21.781],[-97.055,-42.692],[-353.889,66.076],[-168.552,-76.33],[-117.967,74.624]],"o":[[3.231,13.337],[0,0],[0,0],[-31.341,-57.135],[-0.952,-10.1],[0.6,-19.111],[7.005,-24.399],[50.649,0.104],[143.887,63.293],[353.879,-66.087],[168.543,76.32],[97.987,-61.979]],"v":[[1275.506,-128.603],[1272.855,162.528],[847.004,163.277],[-1322.849,163.892],[-1274.255,18.108],[-1275.207,-11.071],[-1266.733,-64.751],[-1231.524,-141.403],[-995.113,-83.459],[-330.739,11.599],[469.274,-68.725],[935.843,-60.582]],"c":true},"ix":2},"nm":"Path 1","mn":"ADBE Vector Shape - Group","hd":false},{"ty":"gr","it":[{"ind":0,"ty":"sh","ix":1,"ks":{"a":0,"k":{"i":[[0,0],[0,0],[0,0],[0,0]],"o":[[0,0],[0,0],[0,0],[0,0]],"v":[[-1523.979,377.333],[1428.521,377.333],[1428.521,-1622.667],[-1523.979,-1622.667]],"c":true},"ix":2},"nm":"Path 1","mn":"ADBE Vector Shape - Group","hd":false},{"ind":1,"ty":"sh","ix":2,"ks":{"a":0,"k":{"i":[[0,0],[0,0],[0,0],[0,0]],"o":[[0,0],[0,0],[0,0],[0,0]],"v":[[-1523.979,-1622.667],[1428.521,-1622.667],[1428.521,377.333],[-1523.979,377.333]],"c":true},"ix":2},"nm":"Path 2","mn":"ADBE Vector Shape - Group","hd":false},{"ty":"tr","p":{"a":0,"k":[0,0],"ix":2},"a":{"a":0,"k":[0,0],"ix":1},"s":{"a":0,"k":[100,100],"ix":3},"r":{"a":0,"k":0,"ix":6},"o":{"a":0,"k":100,"ix":7},"sk":{"a":0,"k":0,"ix":4},"sa":{"a":0,"k":0,"ix":5},"nm":"Transform"}],"nm":"Group 1","np":2,"cix":2,"bm":0,"ix":2,"mn":"ADBE Vector Group","hd":false},{"ty":"fl","c":{"a":0,"k":[0.681999954523,0.795999983245,0.957000014361,1],"ix":4},"o":{"a":0,"k":100,"ix":5},"r":1,"bm":0,"nm":"Fill 1","mn":"ADBE Vector Graphic - Fill","hd":false},{"ty":"tr","p":{"a":0,"k":[3954.438,1622.667],"ix":2},"a":{"a":0,"k":[0,0],"ix":1},"s":{"a":0,"k":[100,100],"ix":3},"r":{"a":0,"k":0,"ix":6},"o":{"a":0,"k":100,"ix":7},"sk":{"a":0,"k":0,"ix":4},"sa":{"a":0,"k":0,"ix":5},"nm":"Transform"}],"nm":"Group 13","np":3,"cix":2,"bm":0,"ix":2,"mn":"ADBE Vector Group","hd":false},{"ty":"gr","it":[{"ind":0,"ty":"sh","ix":1,"ks":{"a":0,"k":{"i":[[-95.162,-35.273],[26.809,-47.741],[0,0],[0,0],[0,0],[0,0],[3.911,41.171],[-0.3,9.385],[-4.842,16.813],[-12.54,21.781],[-97.055,-42.692],[-353.889,66.076],[-168.553,-76.33],[-117.967,74.624]],"o":[[-13.337,68.994],[0,0],[-40.209,71.622],[0,0],[0,0],[-31.341,-57.135],[-0.952,-10.1],[0.6,-19.111],[7.005,-24.399],[50.649,0.104],[143.887,63.293],[353.88,-66.087],[168.543,76.32],[97.987,-61.979]],"v":[[1275.507,-128.603],[1209.027,48.6],[1209.017,48.631],[1127.544,163.194],[847.005,163.277],[-1223.989,163.876],[-1274.255,18.108],[-1275.207,-11.071],[-1266.733,-64.751],[-1236.437,-133.363],[-995.113,-83.459],[-330.739,11.599],[469.275,-68.725],[935.844,-60.582]],"c":true},"ix":2},"nm":"Path 1","mn":"ADBE Vector Shape - Group","hd":false},{"ty":"gr","it":[{"ind":0,"ty":"sh","ix":1,"ks":{"a":0,"k":{"i":[[0,0],[0,0],[0,0],[0,0]],"o":[[0,0],[0,0],[0,0],[0,0]],"v":[[-1523.979,377.333],[1428.521,377.333],[1428.521,-1622.667],[-1523.979,-1622.667]],"c":true},"ix":2},"nm":"Path 1","mn":"ADBE Vector Shape - Group","hd":false},{"ind":1,"ty":"sh","ix":2,"ks":{"a":0,"k":{"i":[[0,0],[0,0],[0,0],[0,0]],"o":[[0,0],[0,0],[0,0],[0,0]],"v":[[-1523.979,-1622.667],[1428.521,-1622.667],[1428.521,377.333],[-1523.979,377.333]],"c":true},"ix":2},"nm":"Path 2","mn":"ADBE Vector Shape - Group","hd":false},{"ty":"tr","p":{"a":0,"k":[0,0],"ix":2},"a":{"a":0,"k":[0,0],"ix":1},"s":{"a":0,"k":[100,100],"ix":3},"r":{"a":0,"k":0,"ix":6},"o":{"a":0,"k":100,"ix":7},"sk":{"a":0,"k":0,"ix":4},"sa":{"a":0,"k":0,"ix":5},"nm":"Transform"}],"nm":"Group 1","np":2,"cix":2,"bm":0,"ix":2,"mn":"ADBE Vector Group","hd":false},{"ty":"fl","c":{"a":0,"k":[0.681999954523,0.795999983245,0.957000014361,1],"ix":4},"o":{"a":0,"k":100,"ix":5},"r":1,"bm":0,"nm":"Fill 1","mn":"ADBE Vector Graphic - Fill","hd":false},{"ty":"tr","p":{"a":0,"k":[1523.979,1622.667],"ix":2},"a":{"a":0,"k":[0,0],"ix":1},"s":{"a":0,"k":[100,100],"ix":3},"r":{"a":0,"k":0,"ix":6},"o":{"a":0,"k":100,"ix":7},"sk":{"a":0,"k":0,"ix":4},"sa":{"a":0,"k":0,"ix":5},"nm":"Transform"}],"nm":"Group 9","np":3,"cix":2,"bm":0,"ix":3,"mn":"ADBE Vector Group","hd":false},{"ty":"tr","p":{"a":1,"k":[{"i":{"x":0.833,"y":0.833},"o":{"x":0.167,"y":0.167},"t":0,"s":[-926.786,1000],"to":[804.833,0],"ti":[-804.833,0]},{"t":150.000006109625,"s":[3902.214,1000]}],"ix":2},"a":{"a":0,"k":[3902.214,1000],"ix":1},"s":{"a":0,"k":[100,100],"ix":3},"r":{"a":0,"k":0,"ix":6},"o":{"a":0,"k":100,"ix":7},"sk":{"a":0,"k":0,"ix":4},"sa":{"a":0,"k":0,"ix":5},"nm":"Transform"}],"nm":"Group 13","np":3,"cix":2,"bm":0,"ix":8,"mn":"ADBE Vector Group","hd":false},{"ty":"gr","it":[{"ind":0,"ty":"sh","ix":1,"ks":{"a":0,"k":{"i":[[0,0],[0,0],[0,0],[-0.321,9.386],[4.463,60.5],[0.073,1.749],[-17.724,22.474],[0,0],[-15.5,-0.124],[-21.77,-50.887],[-21.305,14.537],[-49.138,93.465],[0,0],[0,0],[-24.832,-2.432],[-19.628,-31.693],[0,0],[-58.006,-27.772]],"o":[[0,0],[0,0],[-31.207,-57.208],[0.01,-0.268],[105.117,-197.475],[16.773,-25.07],[0,0],[27.192,-34.486],[24.523,0.196],[19.576,45.755],[28.951,-19.774],[0,0],[0,0],[27.193,-51.725],[18.346,1.79],[0,0],[54.995,88.829],[78.679,37.663]],"v":[[504.465,431.99],[-144.418,434.69],[-453.341,434.049],[-541.068,319.721],[-546.992,186.705],[-353.253,-140.689],[-300.339,-214.38],[-300.339,-214.391],[-232.099,-274.559],[-163.953,-164.952],[-103.579,-94.157],[22.52,-344.629],[22.531,-344.639],[22.531,-344.65],[102.099,-432.258],[159.175,-377.077],[159.185,-377.067],[331.318,-93.123]],"c":true},"ix":2},"nm":"Path 1","mn":"ADBE Vector Shape - Group","hd":false},{"ty":"gr","it":[{"ind":0,"ty":"sh","ix":1,"ks":{"a":0,"k":{"i":[[0,0],[0,0],[0,0],[0,0]],"o":[[0,0],[0,0],[0,0],[0,0]],"v":[[-752.306,648.581],[2200.194,648.581],[2200.194,-1351.419],[-752.306,-1351.419]],"c":true},"ix":2},"nm":"Path 1","mn":"ADBE Vector Shape - Group","hd":false},{"ind":1,"ty":"sh","ix":2,"ks":{"a":0,"k":{"i":[[0,0],[0,0],[0,0],[0,0]],"o":[[0,0],[0,0],[0,0],[0,0]],"v":[[-752.306,-1351.419],[2200.194,-1351.419],[2200.194,648.581],[-752.306,648.581]],"c":true},"ix":2},"nm":"Path 2","mn":"ADBE Vector Shape - Group","hd":false},{"ty":"tr","p":{"a":0,"k":[0,0],"ix":2},"a":{"a":0,"k":[0,0],"ix":1},"s":{"a":0,"k":[100,100],"ix":3},"r":{"a":0,"k":0,"ix":6},"o":{"a":0,"k":100,"ix":7},"sk":{"a":0,"k":0,"ix":4},"sa":{"a":0,"k":0,"ix":5},"nm":"Transform"}],"nm":"Group 1","np":2,"cix":2,"bm":0,"ix":2,"mn":"ADBE Vector Group","hd":false},{"ty":"fl","c":{"a":0,"k":[0.760999971278,0.851000019148,1,1],"ix":4},"o":{"a":0,"k":100,"ix":5},"r":1,"bm":0,"nm":"Fill 1","mn":"ADBE Vector Graphic - Fill","hd":false},{"ty":"tr","p":{"a":0,"k":[752.306,1351.419],"ix":2},"a":{"a":0,"k":[0,0],"ix":1},"s":{"a":0,"k":[100,100],"ix":3},"r":{"a":0,"k":0,"ix":6},"o":{"a":0,"k":100,"ix":7},"sk":{"a":0,"k":0,"ix":4},"sa":{"a":0,"k":0,"ix":5},"nm":"Transform"}],"nm":"Group 10","np":3,"cix":2,"bm":0,"ix":9,"mn":"ADBE Vector Group","hd":false},{"ty":"gr","it":[{"ind":0,"ty":"sh","ix":1,"ks":{"a":0,"k":{"i":[[21.915,-113.26],[0,0],[0,0],[-70.592,78.423],[-0.3,9.385],[-0.01,0.269],[-4.77,16.575],[-9.592,17.932],[-2.348,4.087],[-15.221,23.726],[0,0],[-11.94,28.092],[-3.849,14.341],[-1.117,21.397],[0,0],[-193.231,-83.113],[0,0],[0.073,1.749],[5.556,24.658],[0.88,3.517],[0.662,2.473],[3.145,17.165],[1.262,9.261],[0,0],[1.749,6.133],[-554.765,-245.975],[-138.803,-181.835],[-181.524,-381.548]],"o":[[-33.359,172.516],[0,0],[-104.986,-20.313],[6.787,-7.54],[0.01,-0.269],[0.652,-18.802],[5.691,-19.826],[2.214,-4.138],[13.607,-23.633],[0,0],[15.697,-24.44],[5.536,-12.995],[4.956,-18.49],[0,0],[0.404,-7.729],[0,0],[-0.041,-1.728],[-0.838,-21.211],[-0.777,-3.446],[-0.6,-2.432],[-4.718,-17.755],[-1.728,-9.446],[0,0],[-0.88,-6.436],[-208.702,-731.999],[45.809,20.311],[155.43,203.616],[74.975,157.592]],"v":[[1257.604,599.222],[1150.394,788.989],[-1228.566,787.109],[-1840.768,676.488],[-1834.776,598.698],[-1848.634,542.336],[-1833.246,475.574],[-1842.785,355.059],[-1858.506,294.115],[-1846.968,229.108],[-1827.861,171.816],[-1805.837,130.372],[-1788.158,80.78],[-1794.357,22.895],[-1790.884,31.566],[-1787.082,45.91],[-1783.609,33.747],[-1788.993,33.74],[-1789.666,8.501],[-1778.261,-8.883],[-1776.682,-24.921],[-1779.776,-44.333],[-1775.566,-68.911],[-1782.51,-61.978],[-1916.762,-525.574],[208.254,-1019.32],[1323.422,-872.729],[1801.716,-249.051]],"c":true},"ix":2},"nm":"Path 1","mn":"ADBE Vector Shape - Group","hd":false},{"ty":"gr","it":[{"ind":0,"ty":"sh","ix":1,"ks":{"a":0,"k":{"i":[[0,0],[0,0],[0,0],[0,0]],"o":[[0,0],[0,0],[0,0],[0,0]],"v":[[-1534.937,1000.991],[1417.563,1000.991],[1417.563,-999.009],[-1534.937,-999.009]],"c":true},"ix":2},"nm":"Path 1","mn":"ADBE Vector Shape - Group","hd":false},{"ind":1,"ty":"sh","ix":2,"ks":{"a":0,"k":{"i":[[0,0],[0,0],[0,0],[0,0]],"o":[[0,0],[0,0],[0,0],[0,0]],"v":[[-1534.937,-999.009],[1417.563,-999.009],[1417.563,1000.991],[-1534.937,1000.991]],"c":true},"ix":2},"nm":"Path 2","mn":"ADBE Vector Shape - Group","hd":false},{"ty":"tr","p":{"a":0,"k":[0,0],"ix":2},"a":{"a":0,"k":[0,0],"ix":1},"s":{"a":0,"k":[100,100],"ix":3},"r":{"a":0,"k":0,"ix":6},"o":{"a":0,"k":100,"ix":7},"sk":{"a":0,"k":0,"ix":4},"sa":{"a":0,"k":0,"ix":5},"nm":"Transform"}],"nm":"Group 1","np":2,"cix":2,"bm":0,"ix":2,"mn":"ADBE Vector Group","hd":false},{"ty":"fl","c":{"a":1,"k":[{"i":{"x":[0.833],"y":[0.833]},"o":{"x":[0.167],"y":[0.167]},"t":0,"s":[1,0.946166992188,0.862999975681,1]},{"i":{"x":[0.833],"y":[0.833]},"o":{"x":[0.167],"y":[0.167]},"t":19,"s":[0.862999949736,0.917999985639,1,1]},{"i":{"x":[0.833],"y":[0.833]},"o":{"x":[0.167],"y":[0.167]},"t":57,"s":[0.862999949736,0.917999985639,1,1]},{"i":{"x":[0.833],"y":[0.833]},"o":{"x":[0.167],"y":[0.167]},"t":73,"s":[1,0.938430547714,0.862999975681,1]},{"i":{"x":[0.833],"y":[0.833]},"o":{"x":[0.167],"y":[0.167]},"t":86,"s":[0.158871173859,0.215338647366,0.258039176464,1]},{"i":{"x":[0.833],"y":[0.833]},"o":{"x":[0.167],"y":[0.167]},"t":134,"s":[0.158871173859,0.215338647366,0.258039176464,1]},{"t":150.000006109625,"s":[1,0.946166992188,0.862999975681,1]}],"ix":4},"o":{"a":0,"k":100,"ix":5},"r":1,"bm":0,"nm":"Fill 1","mn":"ADBE Vector Graphic - Fill","hd":false},{"ty":"tr","p":{"a":0,"k":[1540.892,999.009],"ix":2},"a":{"a":0,"k":[0,0],"ix":1},"s":{"a":0,"k":[100,100],"ix":3},"r":{"a":0,"k":0,"ix":6},"o":{"a":0,"k":100,"ix":7},"sk":{"a":0,"k":0,"ix":4},"sa":{"a":0,"k":0,"ix":5},"nm":"Transform"}],"nm":"Group 11","np":3,"cix":2,"bm":0,"ix":10,"mn":"ADBE Vector Group","hd":false}],"ip":0,"op":902.000036739213,"st":0,"bm":0}],"markers":[]}